scope,city,model,variable,split,n,rmse_raw,mae_raw,rmse_corrected,mae_corrected
city,Lucknow,gfs_seamless,temperature_2m,train,576,1.935689117888281,1.473784722222222,0.557731963601279,0.3885959021759121
city,Lucknow,gfs_seamless,temperature_2m,test,144,2.7361773821641515,2.1236111111111113,1.6155166858261454,1.1816464825656972
city,Lucknow,gfs_seamless,precipitation,train,576,1.225347173026667,0.5880208333333333,0.9903135920189166,0.5293075684700234
city,Lucknow,gfs_seamless,precipitation,test,144,0.7877975628294365,0.20902777777777776,0.7604812036491886,0.38850693126400127
city,Lucknow,gfs_seamless,wind_speed_10m,train,576,4.89118928675725,3.8803819444444443,1.6520991473544857,1.2287780337920486
city,Lucknow,gfs_seamless,wind_speed_10m,test,144,3.4229109606363477,2.717361111111111,2.813909041824783,2.217227387956653
city,Lucknow,icon_seamless,temperature_2m,train,576,1.1417655066703594,0.8456597222222221,0.5042922574162355,0.34463700314295803
city,Lucknow,icon_seamless,temperature_2m,test,144,1.665874811889804,1.1180555555555556,1.5480684409438519,1.1172011041243932
city,Lucknow,icon_seamless,precipitation,train,576,1.2668516860487042,0.6914930555555556,0.9513956143771974,0.4852503837754843
city,Lucknow,icon_seamless,precipitation,test,144,0.7785313809417775,0.24722222222222218,0.7617686675437948,0.4084872219355605
city,Lucknow,icon_seamless,wind_speed_10m,train,576,3.0762362013776943,2.5756944444444443,1.8213364577517566,1.3729075025971127
city,Lucknow,icon_seamless,wind_speed_10m,test,144,2.9485872323312172,2.2,2.4007099425973797,1.760536284594763
city,Lucknow,gem_seamless,temperature_2m,train,576,1.663074253370012,1.2609374999999998,0.5607072176211212,0.40178733823888857
city,Lucknow,gem_seamless,temperature_2m,test,144,1.6587729735493575,1.2916666666666667,1.5832093469394277,1.1968387322165444
city,Lucknow,gem_seamless,precipitation,train,576,1.8986060310425414,0.7977430555555556,0.9751795858497846,0.5141240226518361
city,Lucknow,gem_seamless,precipitation,test,144,0.7765665171481163,0.19583333333333333,0.760608167953293,0.4089194622360081
city,Lucknow,gem_seamless,wind_speed_10m,train,576,5.2886802596573075,4.111111111111111,1.5203320114335779,1.1086691227598737
city,Lucknow,gem_seamless,wind_speed_10m,test,144,3.4444500447983146,2.4673611111111113,2.7693983150778503,2.1094751530283613
city,Varanasi,gfs_seamless,temperature_2m,train,576,1.1519608886107588,0.9159722222222223,0.47353625893303514,0.34871749930665685
city,Varanasi,gfs_seamless,temperature_2m,test,144,1.1350171315398234,0.8756944444444444,0.8207322050171482,0.6201053912791845
city,Varanasi,gfs_seamless,precipitation,train,576,1.1013013135982965,0.43385416666666665,0.7827991110940706,0.32875919112551844
city,Varanasi,gfs_seamless,precipitation,test,144,0.2633913438213185,0.09375,0.2797800599259066,0.2209110823642659
city,Varanasi,gfs_seamless,wind_speed_10m,train,576,5.03212768397005,4.015798611111111,1.5912869799310347,1.2507112276995598
city,Varanasi,gfs_seamless,wind_speed_10m,test,144,3.4847485163526826,2.8069444444444445,2.3436909483492205,1.9297251469635859
city,Varanasi,icon_seamless,temperature_2m,train,576,0.8652131240336105,0.6112847222222223,0.36320624204252133,0.25460193159218336
city,Varanasi,icon_seamless,temperature_2m,test,144,1.0375585659507505,0.7305555555555557,0.7970877508659252,0.5927569201603978
city,Varanasi,icon_seamless,precipitation,train,576,1.2347190976088447,0.6453125,0.770684088218617,0.3198304715819575
city,Varanasi,icon_seamless,precipitation,test,144,0.6505339687091247,0.30000000000000004,0.26748180495517887,0.19245590689623934
city,Varanasi,icon_seamless,wind_speed_10m,train,576,2.8688248900900173,2.343576388888889,1.6309492419224487,1.2790283965365132
city,Varanasi,icon_seamless,wind_speed_10m,test,144,2.7302828506300303,2.0319444444444446,2.8089481429925605,2.2579797187830666
city,Varanasi,gem_seamless,temperature_2m,train,576,2.1303119881056545,1.7590277777777776,0.36355179183028996,0.2651419654122902
city,Varanasi,gem_seamless,temperature_2m,test,144,1.4312727436329762,1.1354166666666667,0.8687482767210382,0.6281718940275911
city,Varanasi,gem_seamless,precipitation,train,576,1.8809396661716127,0.7369791666666666,0.7866980426800001,0.32951605331462347
city,Varanasi,gem_seamless,precipitation,test,144,0.2960386611388602,0.09027777777777778,0.22991914723974446,0.15104736393607554
city,Varanasi,gem_seamless,wind_speed_10m,train,576,4.691211493609916,3.668055555555556,1.756942181319626,1.3714708442179875
city,Varanasi,gem_seamless,wind_speed_10m,test,144,4.055611681498996,3.2368055555555557,2.971966606979737,2.4659639450125095
city,Prayagraj,gfs_seamless,temperature_2m,train,576,1.3358114990937573,0.9977430555555556,0.44172546891538983,0.32378357601751767
city,Prayagraj,gfs_seamless,temperature_2m,test,144,1.6966470201874964,1.3333333333333335,0.9451278514931115,0.6673783267238985
city,Prayagraj,gfs_seamless,precipitation,train,576,1.3247968921897257,0.5272569444444444,0.8543807899829214,0.38433014817148786
city,Prayagraj,gfs_seamless,precipitation,test,144,0.2697735676039774,0.09583333333333334,0.2454640005252607,0.13237700716261414
city,Prayagraj,gfs_seamless,wind_speed_10m,train,576,5.018497035966047,4.064930555555555,1.7078008354228802,1.3318683624114638
city,Prayagraj,gfs_seamless,wind_speed_10m,test,144,4.113342112362322,3.469444444444444,2.807963396005049,2.2538030915400835
city,Prayagraj,icon_seamless,temperature_2m,train,576,0.9164488377548536,0.6835069444444444,0.3659097032875252,0.2656341414831961
city,Prayagraj,icon_seamless,temperature_2m,test,144,1.1588128503870774,0.7145833333333335,0.8583347699999182,0.5158124892573688
city,Prayagraj,icon_seamless,precipitation,train,576,1.2450457376694597,0.6545138888888888,0.8365310311571145,0.37724680719110093
city,Prayagraj,icon_seamless,precipitation,test,144,0.6553730913677254,0.2826388888888889,0.2547165623466911,0.14537544861548513
city,Prayagraj,icon_seamless,wind_speed_10m,train,576,3.114811167809553,2.527083333333333,1.5075495042027856,1.1632491709981254
city,Prayagraj,icon_seamless,wind_speed_10m,test,144,2.775850720449899,2.0284722222222222,2.990338258809978,2.3246029356254914
city,Prayagraj,gem_seamless,temperature_2m,train,576,2.0224306402060974,1.7258680555555557,0.3564118730692016,0.2667184235613168
city,Prayagraj,gem_seamless,temperature_2m,test,144,1.6342046995404216,1.3437499999999998,1.0120831629479896,0.610102068288992
city,Prayagraj,gem_seamless,precipitation,train,576,2.1550691210879216,0.8182291666666666,0.8017920160452312,0.3539377868488552
city,Prayagraj,gem_seamless,precipitation,test,144,0.5259251108496553,0.14930555555555555,0.2377899365987912,0.12203648786995618
city,Prayagraj,gem_seamless,wind_speed_10m,train,576,4.290829206316395,3.3559027777777777,1.8404668941735034,1.3958413781714747
city,Prayagraj,gem_seamless,wind_speed_10m,test,144,3.4014294380777947,2.748611111111111,3.2757213473736893,2.4940236763317585
city,Kanpur,gfs_seamless,temperature_2m,train,576,1.388294317178858,1.0409722222222222,0.49036386094731577,0.3474433015100542
city,Kanpur,gfs_seamless,temperature_2m,test,144,1.5141462574298723,1.1583333333333334,1.6141581881755898,1.2165973150748666
city,Kanpur,gfs_seamless,precipitation,train,576,1.3015015366875293,0.6147569444444444,0.8807777841854284,0.4755047026347682
city,Kanpur,gfs_seamless,precipitation,test,144,0.7006445445286631,0.19652777777777777,0.6921870780479198,0.24219234670303263
city,Kanpur,gfs_seamless,wind_speed_10m,train,576,5.409769647488596,4.415451388888889,1.818255645506912,1.4180729013888937
city,Kanpur,gfs_seamless,wind_speed_10m,test,144,3.512023000430885,2.8000000000000003,2.750767659723659,1.9798457839239698
city,Kanpur,icon_seamless,temperature_2m,train,576,1.0314919749782083,0.7401041666666667,0.48811707104187224,0.3441270577106279
city,Kanpur,icon_seamless,temperature_2m,test,144,1.2698425099200294,0.9013888888888886,1.334813024514176,0.9832343657471121
city,Kanpur,icon_seamless,precipitation,train,576,1.3097060208730473,0.7123263888888889,0.7653701056006419,0.42506396579043465
city,Kanpur,icon_seamless,precipitation,test,144,0.71268272510751,0.20972222222222223,0.6965844926060956,0.24074491769927642
city,Kanpur,icon_seamless,wind_speed_10m,train,576,3.3307646352685376,2.737152777777778,1.8752368813911593,1.4595626986971302
city,Kanpur,icon_seamless,wind_speed_10m,test,144,3.1369549105958012,2.179861111111111,2.973374623330533,2.291943586994709
city,Kanpur,gem_seamless,temperature_2m,train,576,1.7524189630970735,1.4038194444444445,0.4409902466564343,0.3163276766438552
city,Kanpur,gem_seamless,temperature_2m,test,144,1.6835189666621257,1.397916666666667,1.2735579072449457,0.9820717425932897
city,Kanpur,gem_seamless,precipitation,train,576,1.9218634258910747,0.7928819444444445,0.8156314111029676,0.4425502037580945
city,Kanpur,gem_seamless,precipitation,test,144,0.6957709552878893,0.1715277777777778,0.6862212047558387,0.21284239332601976
city,Kanpur,gem_seamless,wind_speed_10m,train,576,5.13603993851294,3.964756944444444,1.729686848007652,1.3207091099802326
city,Kanpur,gem_seamless,wind_speed_10m,test,144,3.9124179082619595,2.9437499999999996,3.189122293877407,2.5338400018279716
city,Agra,gfs_seamless,temperature_2m,train,576,1.9863728460018109,1.5192708333333331,0.5173660762458545,0.3517667663034967
city,Agra,gfs_seamless,temperature_2m,test,144,1.9655187327748596,1.5395833333333335,2.2534116135733395,1.7670693942389475
city,Agra,gfs_seamless,precipitation,train,576,0.8410889106126388,0.34930555555555554,0.6365493135622837,0.31822892375958467
city,Agra,gfs_seamless,precipitation,test,144,0.1660404903764273,0.049305555555555554,0.2068891104989236,0.1730037039071023
city,Agra,gfs_seamless,wind_speed_10m,train,576,4.4665714386615,3.4282986111111113,1.7904742254679187,1.300302581598393
city,Agra,gfs_seamless,wind_speed_10m,test,144,3.015089366650496,2.46875,3.4243043247118847,2.8539261596926773
city,Agra,icon_seamless,temperature_2m,train,576,1.0963164334361781,0.7729166666666667,0.5351862528682666,0.346636416531296
city,Agra,icon_seamless,temperature_2m,test,144,0.9701446054870145,0.7715277777777775,1.986183582410745,1.632811012063587
city,Agra,icon_seamless,precipitation,train,576,1.0123285177143722,0.44670138888888883,0.6525073423255435,0.3216353153154538
city,Agra,icon_seamless,precipitation,test,144,0.1728036779443977,0.05555555555555555,0.19495270656566932,0.168155359180863
city,Agra,icon_seamless,wind_speed_10m,train,576,3.4297918628135764,2.8177083333333335,1.8170392158880775,1.3524559068883997
city,Agra,icon_seamless,wind_speed_10m,test,144,2.611340119980969,1.9812499999999997,3.3125695021587607,2.810025979181335
city,Agra,gem_seamless,temperature_2m,train,576,2.070313482704169,1.7088541666666666,0.5543717480556944,0.3737992732351818
city,Agra,gem_seamless,temperature_2m,test,144,2.0333162567588934,1.7354166666666666,2.2400843404510384,1.8714697942261205
city,Agra,gem_seamless,precipitation,train,576,1.2360401040778932,0.4619791666666667,0.5297000679825341,0.28562970279931577
city,Agra,gem_seamless,precipitation,test,144,0.16007810593582122,0.042361111111111106,0.21177237734282328,0.15465176483103912
city,Agra,gem_seamless,wind_speed_10m,train,576,4.260819561226846,3.213194444444445,1.7957235113492886,1.3282514423949896
city,Agra,gem_seamless,wind_speed_10m,test,144,3.0548231445444505,2.3625,3.701033793869658,3.1913050982678275
city,Meerut,gfs_seamless,temperature_2m,train,576,1.5538370964236317,1.1836805555555554,0.4740286701844764,0.3402803638385516
city,Meerut,gfs_seamless,temperature_2m,test,144,1.0456590160170656,0.8340277777777777,1.0868981248438432,0.8894699331053822
city,Meerut,gfs_seamless,precipitation,train,576,0.6996650984578265,0.25364583333333335,0.5133501577504306,0.22845847052658874
city,Meerut,gfs_seamless,precipitation,test,144,0.027638539919628335,0.003472222222222222,0.10244605839088324,0.10093057360631054
city,Meerut,gfs_seamless,wind_speed_10m,train,576,3.7183712458847116,2.9274305555555555,1.6489894568273442,1.2770333976971118
city,Meerut,gfs_seamless,wind_speed_10m,test,144,2.8426928743319735,2.2159722222222222,2.5435584887016813,1.9560817336245186
city,Meerut,icon_seamless,temperature_2m,train,576,1.0871167907206045,0.8071180555555556,0.442114675889581,0.3177024956809323
city,Meerut,icon_seamless,temperature_2m,test,144,1.2116620816052632,0.9520833333333331,1.171385114101968,0.9765609931875302
city,Meerut,icon_seamless,precipitation,train,576,0.8242526075852664,0.33211805555555557,0.4722431809827329,0.20150476693523664
city,Meerut,icon_seamless,precipitation,test,144,0.027638539919628335,0.003472222222222222,0.10927132766676384,0.08434974375925414
city,Meerut,icon_seamless,wind_speed_10m,train,576,3.1930643153908163,2.5458333333333334,1.7281605185624187,1.3252299727599002
city,Meerut,icon_seamless,wind_speed_10m,test,144,2.565191675749267,1.9076388888888889,2.305924569102616,1.7978481279661918
city,Meerut,gem_seamless,temperature_2m,train,576,1.8037961513307306,1.40625,0.5113951840201064,0.3723541173510434
city,Meerut,gem_seamless,temperature_2m,test,144,1.9065311723418297,1.5958333333333334,1.098231361614952,0.8557661250424702
city,Meerut,gem_seamless,precipitation,train,576,0.7827679697358882,0.2640625,0.5086378998555787,0.2186771921057061
city,Meerut,gem_seamless,precipitation,test,144,0.027638539919628335,0.003472222222222222,0.09184318241904693,0.08455343734787787
city,Meerut,gem_seamless,wind_speed_10m,train,576,4.738608416214851,3.551388888888889,1.4651157859943225,1.140574061114624
city,Meerut,gem_seamless,wind_speed_10m,test,144,3.007063443886004,2.427083333333333,2.584655777186684,1.9286328679888394
city,Gorakhpur,gfs_seamless,temperature_2m,train,576,1.3048454037845931,0.9598958333333333,0.5695180288344542,0.4073432214506292
city,Gorakhpur,gfs_seamless,temperature_2m,test,144,1.2777747584505392,0.9465277777777779,1.2678806519170902,1.0687411295349594
city,Gorakhpur,gfs_seamless,precipitation,train,576,1.267550404432809,0.6442708333333332,0.8418055177238664,0.4540572699999367
city,Gorakhpur,gfs_seamless,precipitation,test,144,0.32829526005987014,0.10694444444444444,0.3150630710826956,0.2482046827408081
city,Gorakhpur,gfs_seamless,wind_speed_10m,train,576,4.244772111406898,3.3715277777777777,1.697367475266569,1.2041377041998398
city,Gorakhpur,gfs_seamless,wind_speed_10m,test,144,3.5808130671988763,2.845833333333333,2.754862916940058,2.2638484361800226
city,Gorakhpur,icon_seamless,temperature_2m,train,576,1.2911087504759449,0.9678819444444446,0.5601903530130908,0.40282527110481176
city,Gorakhpur,icon_seamless,temperature_2m,test,144,1.1803071634112878,0.8895833333333335,1.153355184836818,0.9841102847133878
city,Gorakhpur,icon_seamless,precipitation,train,576,1.240638556461058,0.7241319444444444,0.8673360178857142,0.47066809429090256
city,Gorakhpur,icon_seamless,precipitation,test,144,0.39264063297965823,0.13055555555555554,0.29294028361513497,0.2347484017496552
city,Gorakhpur,icon_seamless,wind_speed_10m,train,576,3.890787730867191,3.1822916666666665,1.8807165871164482,1.404030823230229
city,Gorakhpur,icon_seamless,wind_speed_10m,test,144,2.575916773155185,1.96875,2.980223802997406,2.561815605969577
city,Gorakhpur,gem_seamless,temperature_2m,train,576,1.7637160895236073,1.4413194444444446,0.5841886206565192,0.41519370836021263
city,Gorakhpur,gem_seamless,temperature_2m,test,144,1.5738090735537142,1.3006944444444448,1.155213554328269,0.9790990830206093
city,Gorakhpur,gem_seamless,precipitation,train,576,1.822572586574629,0.7569444444444444,0.83558112055653,0.4498874320701394
city,Gorakhpur,gem_seamless,precipitation,test,144,0.47820555784678576,0.10486111111111113,0.2722164674129542,0.19132208404180728
city,Gorakhpur,gem_seamless,wind_speed_10m,train,576,5.060462552968849,4.046701388888889,1.936468428340948,1.4590649763738623
city,Gorakhpur,gem_seamless,wind_speed_10m,test,144,3.961393553901062,2.8583333333333334,3.265577673061159,2.57007422012106
city,Bareilly,gfs_seamless,temperature_2m,train,576,1.6965037577323547,1.3065972222222222,0.513279074228622,0.3665535777481822
city,Bareilly,gfs_seamless,temperature_2m,test,144,1.4763647170593646,1.2229166666666667,1.4012344152008143,1.0854240391904237
city,Bareilly,gfs_seamless,precipitation,train,576,1.9262216542005521,0.7491319444444444,1.6923524494940378,0.7588098070518352
city,Bareilly,gfs_seamless,precipitation,test,144,0.1938283891602168,0.052083333333333336,0.2255723044294429,0.1831854978601821
city,Bareilly,gfs_seamless,wind_speed_10m,train,576,4.5900046144978015,3.597395833333333,1.7468881965892633,1.3180763160981885
city,Bareilly,gfs_seamless,wind_speed_10m,test,144,3.167214864829982,2.5652777777777778,3.4772406461372674,2.904262492800358
city,Bareilly,icon_seamless,temperature_2m,train,576,1.133984188112378,0.8619791666666666,0.5006898204983559,0.36747765062348653
city,Bareilly,icon_seamless,temperature_2m,test,144,1.2727922061357855,0.8999999999999999,1.253688301851415,0.9862005698354371
city,Bareilly,icon_seamless,precipitation,train,576,1.9230238774735309,0.7677083333333333,1.388611271165989,0.6326099604579513
city,Bareilly,icon_seamless,precipitation,test,144,0.1920286436967152,0.05069444444444445,0.1872853241698046,0.08499847288568509
city,Bareilly,icon_seamless,wind_speed_10m,train,576,3.34840343381074,2.6538194444444447,1.879281352596514,1.4453125213876825
city,Bareilly,icon_seamless,wind_speed_10m,test,144,3.001515820751612,2.1909722222222223,3.8292547007373523,3.2207219245523975
city,Bareilly,gem_seamless,temperature_2m,train,576,1.762559100663956,1.4126736111111111,0.6113627786450578,0.46058019138924916
city,Bareilly,gem_seamless,temperature_2m,test,144,1.6586055053032418,1.3138888888888889,1.2517916964064928,0.9504121371267211
city,Bareilly,gem_seamless,precipitation,train,576,3.016752991398386,1.0503472222222223,1.4439824341655225,0.669888701280002
city,Bareilly,gem_seamless,precipitation,test,144,0.1938283891602168,0.052083333333333336,0.19926091948432928,0.08842815071772508
city,Bareilly,gem_seamless,wind_speed_10m,train,576,5.0200725564698985,3.8480902777777777,2.1479789268439946,1.6453153855337956
city,Bareilly,gem_seamless,wind_speed_10m,test,144,4.036637764829097,2.994444444444445,3.663214014951459,3.0511341606714018
city,Jhansi,gfs_seamless,temperature_2m,train,576,1.3091292695698329,1.051736111111111,0.4506177128130473,0.3012840886661095
city,Jhansi,gfs_seamless,temperature_2m,test,144,1.3973437102032003,1.0368055555555555,1.0969257575828315,0.8009235714514996
city,Jhansi,gfs_seamless,precipitation,train,576,1.5448615543867426,0.6243055555555554,0.9068167330249062,0.4364178604635174
city,Jhansi,gfs_seamless,precipitation,test,144,0.7844407066325805,0.2340277777777778,0.6812059779626575,0.2381041644837388
city,Jhansi,gfs_seamless,wind_speed_10m,train,576,5.206638057433137,4.3265625000000005,1.673095757003192,1.248619710507811
city,Jhansi,gfs_seamless,wind_speed_10m,test,144,3.3418640839441025,2.623611111111111,4.898371158017312,4.192715643801578
city,Jhansi,icon_seamless,temperature_2m,train,576,1.0775647699017137,0.7784722222222222,0.436592568462869,0.29903517344435165
city,Jhansi,icon_seamless,temperature_2m,test,144,1.1938208966730868,0.8840277777777779,0.9696309061782694,0.6448258016348034
city,Jhansi,icon_seamless,precipitation,train,576,1.7005871126695562,0.7810763888888889,0.6936436683737139,0.3340218348571244
city,Jhansi,icon_seamless,precipitation,test,144,0.9151882016527774,0.3368055555555556,0.6648603848302488,0.23779097255256954
city,Jhansi,icon_seamless,wind_speed_10m,train,576,5.418773628681022,4.809548611111111,1.486826343068932,1.1344608197501027
city,Jhansi,icon_seamless,wind_speed_10m,test,144,3.2205718953833857,2.4402777777777778,3.9415755349362125,3.3396988346035053
city,Jhansi,gem_seamless,temperature_2m,train,576,1.5812760757621604,1.2324652777777778,0.5462789256631746,0.39267929590548034
city,Jhansi,gem_seamless,temperature_2m,test,144,1.6082037944378957,1.4020833333333336,1.1170585164290403,0.851714774340514
city,Jhansi,gem_seamless,precipitation,train,576,3.0324718327903177,0.9640624999999999,0.8485843519652995,0.41491994919428266
city,Jhansi,gem_seamless,precipitation,test,144,0.6895550094888089,0.16875,0.6956811169208282,0.2603585382687635
city,Jhansi,gem_seamless,wind_speed_10m,train,576,4.535209476970165,3.436111111111111,1.328371058654489,0.9781146364075002
city,Jhansi,gem_seamless,wind_speed_10m,test,144,4.235088218942106,3.283333333333333,5.256040803478761,4.577481519720542
city,Ayodhya,gfs_seamless,temperature_2m,train,576,1.3105673601748045,0.979340277777778,0.4109093494810091,0.28761412673314596
city,Ayodhya,gfs_seamless,temperature_2m,test,144,1.2606490832547776,0.9881944444444445,1.025250215957186,0.8282030754496108
city,Ayodhya,gfs_seamless,precipitation,train,576,1.3210699052073076,0.5362847222222222,1.032256150361223,0.4134514094630849
city,Ayodhya,gfs_seamless,precipitation,test,144,0.42784992176644787,0.13611111111111113,0.387084690871707,0.1742890928097688
city,Ayodhya,gfs_seamless,wind_speed_10m,train,576,4.419387919535163,3.4782986111111116,1.7352690003156028,1.3586186322835863
city,Ayodhya,gfs_seamless,wind_speed_10m,test,144,3.2362100604805546,2.6875,2.55334315528059,2.0127835578921207
city,Ayodhya,icon_seamless,temperature_2m,train,576,1.1241200262130968,0.8003472222222222,0.4678229203146379,0.3287369081949604
city,Ayodhya,icon_seamless,temperature_2m,test,144,1.1903839249960027,0.9284722222222224,0.9413652510632318,0.7051579039535916
city,Ayodhya,icon_seamless,precipitation,train,576,1.4308299359307366,0.7456597222222222,1.0252067519664523,0.41494362919950123
city,Ayodhya,icon_seamless,precipitation,test,144,0.38702928399110403,0.13124999999999998,0.3635508514594848,0.16460454893954776
city,Ayodhya,icon_seamless,wind_speed_10m,train,576,3.2501629232667364,2.6442708333333336,1.7503265970377149,1.359262016839575
city,Ayodhya,icon_seamless,wind_speed_10m,test,144,2.8985389039614042,2.288888888888889,2.6109291852982626,1.9859915041986866
city,Ayodhya,gem_seamless,temperature_2m,train,576,2.232680252770448,1.8624999999999998,0.41131143071638393,0.2955031210209335
city,Ayodhya,gem_seamless,temperature_2m,test,144,1.6267298484997441,1.35,0.9472365042791999,0.7550188336562962
city,Ayodhya,gem_seamless,precipitation,train,576,1.886810028416569,0.7362847222222222,0.950299580139321,0.40818129933821823
city,Ayodhya,gem_seamless,precipitation,test,144,0.38224483137265713,0.10555555555555556,0.3578975214972555,0.14618421179825009
city,Ayodhya,gem_seamless,wind_speed_10m,train,576,5.0741823369769525,3.919097222222222,1.8491065999713905,1.4666653192170322
city,Ayodhya,gem_seamless,wind_speed_10m,test,144,3.7851409044666577,2.771527777777778,2.7287394983206377,2.2053548748482097
city,Mirzapur,gfs_seamless,temperature_2m,train,576,1.2638469162749808,0.9633680555555555,0.5475092662977227,0.38317409141474545
city,Mirzapur,gfs_seamless,temperature_2m,test,144,1.2613099451672367,0.96875,0.8903277467032269,0.6616541552763151
city,Mirzapur,gfs_seamless,precipitation,train,576,0.9854320823318514,0.43437499999999996,0.7041411116569077,0.3110519032568794
city,Mirzapur,gfs_seamless,precipitation,test,144,0.507581411094702,0.17222222222222222,0.30676992311505497,0.14459873904074516
city,Mirzapur,gfs_seamless,wind_speed_10m,train,576,5.223205433447932,4.197916666666667,1.6750348929690573,1.3211123237657405
city,Mirzapur,gfs_seamless,wind_speed_10m,test,144,3.4259629627627652,2.6791666666666667,3.334790538517757,2.782833269999545
city,Mirzapur,icon_seamless,temperature_2m,train,576,0.9795921061566618,0.6710069444444444,0.5399531364147282,0.39227628427803396
city,Mirzapur,icon_seamless,temperature_2m,test,144,1.0868532559642077,0.7374999999999999,0.7892548799133093,0.5600478632691234
city,Mirzapur,icon_seamless,precipitation,train,576,1.0444379801809414,0.5230902777777777,0.7137537490208793,0.3146781312509125
city,Mirzapur,icon_seamless,precipitation,test,144,0.7011894655987543,0.3402777777777778,0.3392372639132179,0.17202604255577075
city,Mirzapur,icon_seamless,wind_speed_10m,train,576,3.24087661752187,2.6612847222222222,1.4906346504400556,1.1586890064793698
city,Mirzapur,icon_seamless,wind_speed_10m,test,144,2.6283708515605886,2.0805555555555557,3.286077347544249,2.7923327968673632
city,Mirzapur,gem_seamless,temperature_2m,train,576,2.0157065551976228,1.6675347222222223,0.4461160736605746,0.31212550072000367
city,Mirzapur,gem_seamless,temperature_2m,test,144,1.470189897031446,1.1118055555555557,0.9775319119326565,0.6631461095225616
city,Mirzapur,gem_seamless,precipitation,train,576,1.9177759471151299,0.7078125000000001,0.7046896296377106,0.3173523225437617
city,Mirzapur,gem_seamless,precipitation,test,144,0.5387098786297996,0.1576388888888889,0.32574469478007556,0.1681715733349797
city,Mirzapur,gem_seamless,wind_speed_10m,train,576,4.358618139196565,3.4578124999999997,1.5773143613262208,1.2197199716478897
city,Mirzapur,gem_seamless,wind_speed_10m,test,144,3.7453396968024735,2.8090277777777777,3.0070515646583744,2.452417358266634
city,Saharanpur,gfs_seamless,temperature_2m,train,576,1.840421902113148,1.4600694444444444,0.5541951063475702,0.4004064424589231
city,Saharanpur,gfs_seamless,temperature_2m,test,144,1.862178383864804,1.6187500000000001,1.5802310492491354,1.3278147583808098
city,Saharanpur,gfs_seamless,precipitation,train,576,0.7029945866711128,0.21597222222222223,0.5769112857258915,0.2117670566849158
city,Saharanpur,gfs_seamless,precipitation,test,144,0.0,0.0,0.0814725873648189,0.06678615878124829
city,Saharanpur,gfs_seamless,wind_speed_10m,train,576,4.20869635397946,3.2864583333333335,1.8251418189070552,1.4075695235494081
city,Saharanpur,gfs_seamless,wind_speed_10m,test,144,3.3286425327918754,2.5749999999999997,3.5076454829252146,2.9329297752378145
city,Saharanpur,icon_seamless,temperature_2m,train,576,1.2971924812198585,0.9756944444444444,0.5454396252525119,0.40268790145365607
city,Saharanpur,icon_seamless,temperature_2m,test,144,0.9812831735369084,0.8041666666666667,1.1774240088251604,0.9906708206166905
city,Saharanpur,icon_seamless,precipitation,train,576,0.7619761406296715,0.23559027777777775,0.5807871444094979,0.2081924594134377
city,Saharanpur,icon_seamless,precipitation,test,144,0.0,0.0,0.08804575370439698,0.07845502367881685
city,Saharanpur,icon_seamless,wind_speed_10m,train,576,3.7510160660516743,2.916145833333333,1.758454509125821,1.3185702865113955
city,Saharanpur,icon_seamless,wind_speed_10m,test,144,2.810051403246725,2.240277777777778,2.7881144605185897,2.2618474329165577
city,Saharanpur,gem_seamless,temperature_2m,train,576,1.782427729561878,1.3979166666666667,0.587728987824624,0.4322708881185698
city,Saharanpur,gem_seamless,temperature_2m,test,144,1.8681727555139127,1.597916666666667,1.5061726637257133,1.3136075407787426
city,Saharanpur,gem_seamless,precipitation,train,576,1.2084339038606953,0.32534722222222223,0.5765532331452867,0.2072332396555977
city,Saharanpur,gem_seamless,precipitation,test,144,0.0,0.0,0.08214911816348136,0.07191174122610274
city,Saharanpur,gem_seamless,wind_speed_10m,train,576,4.638886809713439,3.505555555555555,2.1903665327598616,1.7184733438114836
city,Saharanpur,gem_seamless,wind_speed_10m,test,144,3.1712795349651675,2.613194444444444,2.72100726825978,2.1812448933255553
global,ALL-UP,gfs_seamless,temperature_2m,train,6912,1.53140352593928,1.154369212962963,0.5968119722428186,0.4345489606531527
global,ALL-UP,gfs_seamless,temperature_2m,test,1728,1.615436602490691,1.2205439814814818,1.3296351837247238,0.9844554783472674
global,Lucknow,gfs_seamless,temperature_2m,train,576,1.935689117888281,1.473784722222222,0.587380075208085,0.43009428865860083
global,Lucknow,gfs_seamless,temperature_2m,test,144,2.7361773821641515,2.1236111111111113,1.6131329320581207,1.1812094826645116
global,Varanasi,gfs_seamless,temperature_2m,train,576,1.1519608886107588,0.9159722222222223,0.442826443181554,0.3238079467592574
global,Varanasi,gfs_seamless,temperature_2m,test,144,1.1350171315398234,0.8756944444444444,0.8763645262989845,0.6743551836143875
global,Prayagraj,gfs_seamless,temperature_2m,train,576,1.3358114990937573,0.9977430555555556,0.49640158230380427,0.3685077263628124
global,Prayagraj,gfs_seamless,temperature_2m,test,144,1.6966470201874964,1.3333333333333335,0.9087308597184862,0.5607942926734173
global,Kanpur,gfs_seamless,temperature_2m,train,576,1.388294317178858,1.0409722222222222,0.6093598419817714,0.4690260020432981
global,Kanpur,gfs_seamless,temperature_2m,test,144,1.5141462574298723,1.1583333333333334,1.4052281171706709,1.0073579783387763
global,Agra,gfs_seamless,temperature_2m,train,576,1.9863728460018109,1.5192708333333331,0.6839183665689167,0.4905044862896596
global,Agra,gfs_seamless,temperature_2m,test,144,1.9655187327748596,1.5395833333333335,2.0289021832015286,1.618575424925978
global,Meerut,gfs_seamless,temperature_2m,train,576,1.5538370964236317,1.1836805555555554,0.5686543490993717,0.42153712996682474
global,Meerut,gfs_seamless,temperature_2m,test,144,1.0456590160170656,0.8340277777777777,1.2607125266946353,1.0404722234937
global,Gorakhpur,gfs_seamless,temperature_2m,train,576,1.3048454037845931,0.9598958333333333,0.6270971528720011,0.4652752333267514
global,Gorakhpur,gfs_seamless,temperature_2m,test,144,1.2777747584505392,0.9465277777777779,1.2957266931315332,1.1040217590671135
global,Bareilly,gfs_seamless,temperature_2m,train,576,1.6965037577323547,1.3065972222222222,0.6555221025285474,0.47974759504530123
global,Bareilly,gfs_seamless,temperature_2m,test,144,1.4763647170593646,1.2229166666666667,1.4808029845037927,1.140450629173509
global,Jhansi,gfs_seamless,temperature_2m,train,576,1.3091292695698329,1.051736111111111,0.650796871800755,0.48386117637460946
global,Jhansi,gfs_seamless,temperature_2m,test,144,1.3973437102032003,1.0368055555555555,1.0750950472581047,0.746172539101208
global,Ayodhya,gfs_seamless,temperature_2m,train,576,1.3105673601748045,0.979340277777778,0.5576159871038869,0.39503321663821733
global,Ayodhya,gfs_seamless,temperature_2m,test,144,1.2606490832547776,0.9881944444444445,1.0820144484415206,0.8904926312948089
global,Mirzapur,gfs_seamless,temperature_2m,train,576,1.2638469162749808,0.9633680555555555,0.555927760319391,0.3880809358322965
global,Mirzapur,gfs_seamless,temperature_2m,test,144,1.2613099451672367,0.96875,0.8842886709290466,0.5769325670361158
global,Saharanpur,gfs_seamless,temperature_2m,train,576,1.840421902113148,1.4600694444444444,0.6765868784166119,0.49911179054020355
global,Saharanpur,gfs_seamless,temperature_2m,test,144,1.862178383864804,1.6187500000000001,1.5357115023547114,1.2726310287836826
global,ALL-UP,gfs_seamless,precipitation,train,6912,1.2340451680760522,0.49759837962962955,0.8793904092094537,0.392559820213355
global,ALL-UP,gfs_seamless,precipitation,test,1728,0.4549178293730435,0.11244212962962964,0.3914193676203573,0.14285838810986976
global,Lucknow,gfs_seamless,precipitation,train,576,1.225347173026667,0.5880208333333333,0.8916707140545956,0.46501610045066283
global,Lucknow,gfs_seamless,precipitation,test,144,0.7877975628294365,0.20902777777777776,0.7555402246477784,0.258040394471315
global,Varanasi,gfs_seamless,precipitation,train,576,1.1013013135982965,0.43385416666666665,0.7408246717180529,0.301551780811673
global,Varanasi,gfs_seamless,precipitation,test,144,0.2633913438213185,0.09375,0.2209821788947454,0.11981307338399061
global,Prayagraj,gfs_seamless,precipitation,train,576,1.3247968921897257,0.5272569444444444,0.8003785383178317,0.3722422530685664
global,Prayagraj,gfs_seamless,precipitation,test,144,0.2697735676039774,0.09583333333333334,0.23588522848804297,0.12214251715329993
global,Kanpur,gfs_seamless,precipitation,train,576,1.3015015366875293,0.6147569444444444,1.0037669850207551,0.5223476300956584
global,Kanpur,gfs_seamless,precipitation,test,144,0.7006445445286631,0.19652777777777777,0.6623361077164223,0.2236314801801661
global,Agra,gfs_seamless,precipitation,train,576,0.8410889106126388,0.34930555555555554,0.6223251906532828,0.32105191501833147
global,Agra,gfs_seamless,precipitation,test,144,0.1660404903764273,0.049305555555555554,0.15931083836959417,0.11479281450847356
global,Meerut,gfs_seamless,precipitation,train,576,0.6996650984578265,0.25364583333333335,0.5285305925937871,0.23079326919464974
global,Meerut,gfs_seamless,precipitation,test,144,0.027638539919628335,0.003472222222222222,0.1057725669737521,0.08662172663469328
global,Gorakhpur,gfs_seamless,precipitation,train,576,1.267550404432809,0.6442708333333332,0.8485106522366425,0.45129685223821014
global,Gorakhpur,gfs_seamless,precipitation,test,144,0.32829526005987014,0.10694444444444444,0.24713285047608224,0.13729478482160604
global,Bareilly,gfs_seamless,precipitation,train,576,1.9262216542005521,0.7491319444444444,1.4101047701033607,0.6332878431921286
global,Bareilly,gfs_seamless,precipitation,test,144,0.1938283891602168,0.052083333333333336,0.18624375090393228,0.11420894787494779
global,Jhansi,gfs_seamless,precipitation,train,576,1.5448615543867426,0.6243055555555554,1.0296621804475736,0.4809160575332976
global,Jhansi,gfs_seamless,precipitation,test,144,0.7844407066325805,0.2340277777777778,0.6166249038425915,0.17852301355763642
global,Ayodhya,gfs_seamless,precipitation,train,576,1.3210699052073076,0.5362847222222222,1.030382584979032,0.415446085650729
global,Ayodhya,gfs_seamless,precipitation,test,144,0.42784992176644787,0.13611111111111113,0.34207785159932186,0.1441579304246091
global,Mirzapur,gfs_seamless,precipitation,train,576,0.9854320823318514,0.43437499999999996,0.6829809569900716,0.29922784617898635
global,Mirzapur,gfs_seamless,precipitation,test,144,0.507581411094702,0.17222222222222222,0.2898679251128264,0.13014981555338329
global,Saharanpur,gfs_seamless,precipitation,train,576,0.7029945866711128,0.21597222222222223,0.5696697250415526,0.2175402091273668
global,Saharanpur,gfs_seamless,precipitation,test,144,0.0,0.0,0.10444251453223774,0.08492415875431597
global,ALL-UP,gfs_seamless,wind_speed_10m,train,6912,4.727532910407021,3.7492042824074074,1.9491034467361414,1.5040241895868707
global,ALL-UP,gfs_seamless,wind_speed_10m,test,1728,3.3862099497925517,2.704571759259259,3.3526858153536,2.7228721808053145
global,Lucknow,gfs_seamless,wind_speed_10m,train,576,4.89118928675725,3.8803819444444443,1.8641226101966495,1.4080135922938943
global,Lucknow,gfs_seamless,wind_speed_10m,test,144,3.4229109606363477,2.717361111111111,2.8866750192771624,2.2335041134178604
global,Varanasi,gfs_seamless,wind_speed_10m,train,576,5.03212768397005,4.015798611111111,1.792551318497384,1.4117227755722577
global,Varanasi,gfs_seamless,wind_speed_10m,test,144,3.4847485163526826,2.8069444444444445,2.7588463852259633,2.219000714099564
global,Prayagraj,gfs_seamless,wind_speed_10m,train,576,5.018497035966047,4.064930555555555,1.8906602824607806,1.4599589465652176
global,Prayagraj,gfs_seamless,wind_speed_10m,test,144,4.113342112362322,3.469444444444444,2.9600519347739818,2.455681343608529
global,Kanpur,gfs_seamless,wind_speed_10m,train,576,5.409769647488596,4.415451388888889,1.9979680165030438,1.5477075699830527
global,Kanpur,gfs_seamless,wind_speed_10m,test,144,3.512023000430885,2.8000000000000003,3.023912243083182,2.3936061796279002
global,Agra,gfs_seamless,wind_speed_10m,train,576,4.4665714386615,3.4282986111111113,2.0221873253258345,1.5482411089627954
global,Agra,gfs_seamless,wind_speed_10m,test,144,3.015089366650496,2.46875,3.7409817645002206,3.248513036842245
global,Meerut,gfs_seamless,wind_speed_10m,train,576,3.7183712458847116,2.9274305555555555,1.9024735728597406,1.4898200252456566
global,Meerut,gfs_seamless,wind_speed_10m,test,144,2.8426928743319735,2.2159722222222222,3.41966402591856,2.6903381130490263
global,Gorakhpur,gfs_seamless,wind_speed_10m,train,576,4.244772111406898,3.3715277777777777,1.8617088076138246,1.4268752525521287
global,Gorakhpur,gfs_seamless,wind_speed_10m,test,144,3.5808130671988763,2.845833333333333,3.0744304855804554,2.5011164334908367
global,Bareilly,gfs_seamless,wind_speed_10m,train,576,4.5900046144978015,3.597395833333333,2.203711928519703,1.7003747212236813
global,Bareilly,gfs_seamless,wind_speed_10m,test,144,3.167214864829982,2.5652777777777778,3.8142532393168205,3.1982024563906046
global,Jhansi,gfs_seamless,wind_speed_10m,train,576,5.206638057433137,4.3265625000000005,1.8100935147552792,1.3840500838476837
global,Jhansi,gfs_seamless,wind_speed_10m,test,144,3.3418640839441025,2.623611111111111,4.491246948112226,3.7800119766121205
global,Ayodhya,gfs_seamless,wind_speed_10m,train,576,4.419387919535163,3.4782986111111116,1.9653914686960947,1.5180894436014754
global,Ayodhya,gfs_seamless,wind_speed_10m,test,144,3.2362100604805546,2.6875,2.782275567053308,2.304060393911856
global,Mirzapur,gfs_seamless,wind_speed_10m,train,576,5.223205433447932,4.197916666666667,1.8063244117440203,1.3920845061720744
global,Mirzapur,gfs_seamless,wind_speed_10m,test,144,3.4259629627627652,2.6791666666666667,3.404676215323171,2.794183464037567
global,Saharanpur,gfs_seamless,wind_speed_10m,train,576,4.20869635397946,3.2864583333333335,2.2136896482519046,1.7613522490225355
global,Saharanpur,gfs_seamless,wind_speed_10m,test,144,3.3286425327918754,2.5749999999999997,3.4412314009859184,2.8562479445756646
global,ALL-UP,icon_seamless,temperature_2m,train,6912,1.0939146701436797,0.7929976851851853,0.5834972606199245,0.4182860124194533
global,ALL-UP,icon_seamless,temperature_2m,test,1728,1.1977699185477058,0.8609953703703703,1.1753958484024147,0.8568519557434607
global,Lucknow,icon_seamless,temperature_2m,train,576,1.1417655066703594,0.8456597222222221,0.5994799732112315,0.4333965660455916
global,Lucknow,icon_seamless,temperature_2m,test,144,1.665874811889804,1.1180555555555556,1.5432805268520242,1.1177074549130879
global,Varanasi,icon_seamless,temperature_2m,train,576,0.8652131240336105,0.6112847222222223,0.4671197214430224,0.33361903743323645
global,Varanasi,icon_seamless,temperature_2m,test,144,1.0375585659507505,0.7305555555555557,0.7631161348717894,0.5666769238451063
global,Prayagraj,icon_seamless,temperature_2m,train,576,0.9164488377548536,0.6835069444444444,0.490697824438362,0.3492138203708183
global,Prayagraj,icon_seamless,temperature_2m,test,144,1.1588128503870774,0.7145833333333335,0.8318762309621704,0.5026647599527343
global,Kanpur,icon_seamless,temperature_2m,train,576,1.0314919749782083,0.7401041666666667,0.5896135030672212,0.43761292906449967
global,Kanpur,icon_seamless,temperature_2m,test,144,1.2698425099200294,0.9013888888888886,1.1580105670635075,0.8208796864398716
global,Agra,icon_seamless,temperature_2m,train,576,1.0963164334361781,0.7729166666666667,0.6418881037480346,0.4444377937508803
global,Agra,icon_seamless,temperature_2m,test,144,0.9701446054870145,0.7715277777777775,1.5919722687502273,1.3228882801406945
global,Meerut,icon_seamless,temperature_2m,train,576,1.0871167907206045,0.8071180555555556,0.6035343006032684,0.45018995965755754
global,Meerut,icon_seamless,temperature_2m,test,144,1.2116620816052632,0.9520833333333331,1.294253067116513,1.0411890515558198
global,Gorakhpur,icon_seamless,temperature_2m,train,576,1.2911087504759449,0.9678819444444446,0.6252123323453542,0.4584949759713031
global,Gorakhpur,icon_seamless,temperature_2m,test,144,1.1803071634112878,0.8895833333333335,1.1349621587207401,0.9341907191479453
global,Bareilly,icon_seamless,temperature_2m,train,576,1.133984188112378,0.8619791666666666,0.5916825411410649,0.4529828741075369
global,Bareilly,icon_seamless,temperature_2m,test,144,1.2727922061357855,0.8999999999999999,1.4335885308126952,1.1100412711202732
global,Jhansi,icon_seamless,temperature_2m,train,576,1.0775647699017137,0.7784722222222222,0.6168715390771186,0.42873362086099415
global,Jhansi,icon_seamless,temperature_2m,test,144,1.1938208966730868,0.8840277777777779,0.9807211032606582,0.5999487632592091
global,Ayodhya,icon_seamless,temperature_2m,train,576,1.1241200262130968,0.8003472222222222,0.5753195613960109,0.40491768050635607
global,Ayodhya,icon_seamless,temperature_2m,test,144,1.1903839249960027,0.9284722222222224,1.032347759727337,0.8274522921434984
global,Mirzapur,icon_seamless,temperature_2m,train,576,0.9795921061566618,0.6710069444444444,0.5309419401015737,0.36268620492910764
global,Mirzapur,icon_seamless,temperature_2m,test,144,1.0868532559642077,0.7374999999999999,0.7758542966919022,0.5043877195582339
global,Saharanpur,icon_seamless,temperature_2m,train,576,1.2971924812198585,0.9756944444444444,0.6394904303494311,0.46314668633555695
global,Saharanpur,icon_seamless,temperature_2m,test,144,0.9812831735369084,0.8041666666666667,1.1829242138279874,0.9341965468450546
global,ALL-UP,icon_seamless,precipitation,train,6912,1.2892843173349802,0.6049768518518519,0.8882664363666086,0.3939198137245504
global,ALL-UP,icon_seamless,precipitation,test,1728,0.5528283756854047,0.1740162037037037,0.39487829328326685,0.14649824133156986
global,Lucknow,icon_seamless,precipitation,train,576,1.2668516860487042,0.6914930555555556,0.9154797217746001,0.45196177351490086
global,Lucknow,icon_seamless,precipitation,test,144,0.7785313809417775,0.24722222222222218,0.7600844508538408,0.25892536868442473
global,Varanasi,icon_seamless,precipitation,train,576,1.2347190976088447,0.6453125,0.7226894373632979,0.31074561418471575
global,Varanasi,icon_seamless,precipitation,test,144,0.6505339687091247,0.30000000000000004,0.24041306923897,0.13409633066952079
global,Prayagraj,icon_seamless,precipitation,train,576,1.2450457376694597,0.6545138888888888,0.7596222133552206,0.36678181491527556
global,Prayagraj,icon_seamless,precipitation,test,144,0.6553730913677254,0.2826388888888889,0.23741833675619484,0.13062701047321384
global,Kanpur,icon_seamless,precipitation,train,576,1.3097060208730473,0.7123263888888889,0.9739726190524033,0.5049575357608787
global,Kanpur,icon_seamless,precipitation,test,144,0.71268272510751,0.20972222222222223,0.6753824324212305,0.22424546314267793
global,Agra,icon_seamless,precipitation,train,576,1.0123285177143722,0.44670138888888883,0.631657885612316,0.31087771722008156
global,Agra,icon_seamless,precipitation,test,144,0.1728036779443977,0.05555555555555555,0.1559333510366106,0.10854734670510413
global,Meerut,icon_seamless,precipitation,train,576,0.8242526075852664,0.33211805555555557,0.533365109348242,0.24161119119807506
global,Meerut,icon_seamless,precipitation,test,144,0.027638539919628335,0.003472222222222222,0.10318389552156171,0.09375022454695774
global,Gorakhpur,icon_seamless,precipitation,train,576,1.240638556461058,0.7241319444444444,0.8207790289765897,0.42881376003170274
global,Gorakhpur,icon_seamless,precipitation,test,144,0.39264063297965823,0.13055555555555554,0.24674357073806122,0.13581080017904432
global,Bareilly,icon_seamless,precipitation,train,576,1.9230238774735309,0.7677083333333333,1.4683878404023298,0.6577613246193995
global,Bareilly,icon_seamless,precipitation,test,144,0.1920286436967152,0.05069444444444445,0.18539298257783787,0.1120283919185176
global,Jhansi,icon_seamless,precipitation,train,576,1.7005871126695562,0.7810763888888889,1.0925680487405385,0.4964249814193965
global,Jhansi,icon_seamless,precipitation,test,144,0.9151882016527774,0.3368055555555556,0.6139511956495659,0.17438015284562436
global,Ayodhya,icon_seamless,precipitation,train,576,1.4308299359307366,0.7456597222222222,1.0388104288422781,0.43721732644208355
global,Ayodhya,icon_seamless,precipitation,test,144,0.38702928399110403,0.13124999999999998,0.3428303832215953,0.14847386354289752
global,Mirzapur,icon_seamless,precipitation,train,576,1.0444379801809414,0.5230902777777777,0.6976485700863277,0.3035350664479546
global,Mirzapur,icon_seamless,precipitation,test,144,0.7011894655987543,0.3402777777777778,0.29461012686145466,0.1391358524469602
global,Saharanpur,icon_seamless,precipitation,train,576,0.7619761406296715,0.23559027777777775,0.5561643336664193,0.21634965894014024
global,Saharanpur,icon_seamless,precipitation,test,144,0.0,0.0,0.10785055417001572,0.09795809082389526
global,ALL-UP,icon_seamless,wind_speed_10m,train,6912,3.550805814582145,2.867867476851852,1.9319390159772645,1.4822140386060094
global,ALL-UP,icon_seamless,wind_speed_10m,test,1728,2.833086182030969,2.1282407407407407,3.0038420563898374,2.4155208718701973
global,Lucknow,icon_seamless,wind_speed_10m,train,576,3.0762362013776943,2.5756944444444443,1.8609205792152812,1.3839711625503957
global,Lucknow,icon_seamless,wind_speed_10m,test,144,2.9485872323312172,2.2,2.3633796037008468,1.7030600670124942
global,Varanasi,icon_seamless,wind_speed_10m,train,576,2.8688248900900173,2.343576388888889,1.7063240918338298,1.3243512522705663
global,Varanasi,icon_seamless,wind_speed_10m,test,144,2.7302828506300303,2.0319444444444446,3.0433610908126485,2.4568958121366418
global,Prayagraj,icon_seamless,wind_speed_10m,train,576,3.114811167809553,2.527083333333333,1.7886463118404017,1.399653074034788
global,Prayagraj,icon_seamless,wind_speed_10m,test,144,2.775850720449899,2.0284722222222222,2.738534065697371,2.2521363840569872
global,Kanpur,icon_seamless,wind_speed_10m,train,576,3.3307646352685376,2.737152777777778,1.8936481078878171,1.4832474911155047
global,Kanpur,icon_seamless,wind_speed_10m,test,144,3.1369549105958012,2.179861111111111,2.724177110521056,2.105756662638196
global,Agra,icon_seamless,wind_speed_10m,train,576,3.4297918628135764,2.8177083333333335,2.0306910037811163,1.5389096893047833
global,Agra,icon_seamless,wind_speed_10m,test,144,2.611340119980969,1.9812499999999997,2.6125457675759916,2.1546276499961494
global,Meerut,icon_seamless,wind_speed_10m,train,576,3.1930643153908163,2.5458333333333334,1.9780464788136691,1.5419654148145578
global,Meerut,icon_seamless,wind_speed_10m,test,144,2.565191675749267,1.9076388888888889,3.043682378366886,2.482171860690815
global,Gorakhpur,icon_seamless,wind_speed_10m,train,576,3.890787730867191,3.1822916666666665,1.9468258801607683,1.4909308230629916
global,Gorakhpur,icon_seamless,wind_speed_10m,test,144,2.575916773155185,1.96875,2.877650696118739,2.3882285549658007
global,Bareilly,icon_seamless,wind_speed_10m,train,576,3.34840343381074,2.6538194444444447,2.2181639234591084,1.701271471543835
global,Bareilly,icon_seamless,wind_speed_10m,test,144,3.001515820751612,2.1909722222222223,3.5440564453385077,3.0146972109008714
global,Jhansi,icon_seamless,wind_speed_10m,train,576,5.418773628681022,4.809548611111111,1.8593170583822545,1.3993372811620934
global,Jhansi,icon_seamless,wind_speed_10m,test,144,3.2205718953833857,2.4402777777777778,4.240745590162272,3.582164044984042
global,Ayodhya,icon_seamless,wind_speed_10m,train,576,3.2501629232667364,2.6442708333333336,1.8853736564733186,1.4501124446025626
global,Ayodhya,icon_seamless,wind_speed_10m,test,144,2.8985389039614042,2.288888888888889,2.5645222814314486,2.050523149570386
global,Mirzapur,icon_seamless,wind_speed_10m,train,576,3.24087661752187,2.6612847222222222,1.772690832027109,1.3642204409794867
global,Mirzapur,icon_seamless,wind_speed_10m,test,144,2.6283708515605886,2.0805555555555557,3.078990071852862,2.590605624227622
global,Saharanpur,icon_seamless,wind_speed_10m,train,576,3.7510160660516743,2.916145833333333,2.1744083529373692,1.708597917830547
global,Saharanpur,icon_seamless,wind_speed_10m,test,144,2.810051403246725,2.240277777777778,2.7453598267652577,2.2053834412623585
global,ALL-UP,gem_seamless,temperature_2m,train,6912,1.8918211513032936,1.5232638888888888,0.5938204065138806,0.43181894014389804
global,ALL-UP,gem_seamless,temperature_2m,test,1728,1.687851472314016,1.3813657407407407,1.2807810337422103,0.961627172494013
global,Lucknow,gem_seamless,temperature_2m,train,576,1.663074253370012,1.2609374999999998,0.6069245563964051,0.4450309402430343
global,Lucknow,gem_seamless,temperature_2m,test,144,1.6587729735493575,1.2916666666666667,1.6324135254395613,1.2677957268456521
global,Varanasi,gem_seamless,temperature_2m,train,576,2.1303119881056545,1.7590277777777776,0.4874802813728783,0.35838343693598107
global,Varanasi,gem_seamless,temperature_2m,test,144,1.4312727436329762,1.1354166666666667,0.8737041693346171,0.5867805586755808
global,Prayagraj,gem_seamless,temperature_2m,train,576,2.0224306402060974,1.7258680555555557,0.4909115840473395,0.3596191165717881
global,Prayagraj,gem_seamless,temperature_2m,test,144,1.6342046995404216,1.3437499999999998,0.9182530267525493,0.5568272859222461
global,Kanpur,gem_seamless,temperature_2m,train,576,1.7524189630970735,1.4038194444444445,0.6168189747095476,0.46755307392493606
global,Kanpur,gem_seamless,temperature_2m,test,144,1.6835189666621257,1.397916666666667,1.3018123298536393,1.0337480209516334
global,Agra,gem_seamless,temperature_2m,train,576,2.070313482704169,1.7088541666666666,0.6916437467236428,0.4804745622549851
global,Agra,gem_seamless,temperature_2m,test,144,2.0333162567588934,1.7354166666666666,1.784295222057393,1.4824409970729941
global,Meerut,gem_seamless,temperature_2m,train,576,1.8037961513307306,1.40625,0.5941263428267427,0.44469116040820605
global,Meerut,gem_seamless,temperature_2m,test,144,1.9065311723418297,1.5958333333333334,1.3541199487790136,1.0715048132639813
global,Gorakhpur,gem_seamless,temperature_2m,train,576,1.7637160895236073,1.4413194444444446,0.6167624423109676,0.4551468304689324
global,Gorakhpur,gem_seamless,temperature_2m,test,144,1.5738090735537142,1.3006944444444448,1.1578077801131919,0.9970033394140473
global,Bareilly,gem_seamless,temperature_2m,train,576,1.762559100663956,1.4126736111111111,0.609022143991315,0.4685757916323621
global,Bareilly,gem_seamless,temperature_2m,test,144,1.6586055053032418,1.3138888888888889,1.4740751940061185,1.1011791501262012
global,Jhansi,gem_seamless,temperature_2m,train,576,1.5812760757621604,1.2324652777777778,0.6292356601683398,0.4480602209263562
global,Jhansi,gem_seamless,temperature_2m,test,144,1.6082037944378957,1.4020833333333336,1.1339592352094203,0.7968756638154985
global,Ayodhya,gem_seamless,temperature_2m,train,576,2.232680252770448,1.8624999999999998,0.5598091161442187,0.3998931450522403
global,Ayodhya,gem_seamless,temperature_2m,test,144,1.6267298484997441,1.35,1.0398670898773197,0.8879758851492661
global,Mirzapur,gem_seamless,temperature_2m,train,576,2.0157065551976228,1.6675347222222223,0.5392417866560612,0.3743197749989813
global,Mirzapur,gem_seamless,temperature_2m,test,144,1.470189897031446,1.1118055555555557,0.9804188635026941,0.6283229018120101
global,Saharanpur,gem_seamless,temperature_2m,train,576,1.782427729561878,1.3979166666666667,0.6490387482641697,0.48007922830897354
global,Saharanpur,gem_seamless,temperature_2m,test,144,1.8681727555139127,1.597916666666667,1.3636673904672576,1.1290717268790464
global,ALL-UP,gem_seamless,precipitation,train,6912,1.9987021975614667,0.7010561342592593,0.909728376084919,0.4067275906330376
global,ALL-UP,gem_seamless,precipitation,test,1728,0.4704460058757482,0.10347222222222223,0.3933715520597763,0.144663526334415
global,Lucknow,gem_seamless,precipitation,train,576,1.8986060310425414,0.7977430555555556,0.9245200947484934,0.4628137552030137
global,Lucknow,gem_seamless,precipitation,test,144,0.7765665171481163,0.19583333333333333,0.7584621729427004,0.25194062550064406
global,Varanasi,gem_seamless,precipitation,train,576,1.8809396661716127,0.7369791666666666,0.7746637010396509,0.33764563112060064
global,Varanasi,gem_seamless,precipitation,test,144,0.2960386611388602,0.09027777777777778,0.22308877668532656,0.11881741624946833
global,Prayagraj,gem_seamless,precipitation,train,576,2.1550691210879216,0.8182291666666666,0.7835930977998353,0.3743197797874265
global,Prayagraj,gem_seamless,precipitation,test,144,0.5259251108496553,0.14930555555555555,0.2389432342881847,0.1272223116465187
global,Kanpur,gem_seamless,precipitation,train,576,1.9218634258910747,0.7928819444444445,1.0114101471455461,0.5218253772364024
global,Kanpur,gem_seamless,precipitation,test,144,0.6957709552878893,0.1715277777777778,0.6701262940225008,0.2204290344435028
global,Agra,gem_seamless,precipitation,train,576,1.2360401040778932,0.4619791666666667,0.6557523337860002,0.33276476538650973
global,Agra,gem_seamless,precipitation,test,144,0.16007810593582122,0.042361111111111106,0.15800389255986513,0.11348731540870964
global,Meerut,gem_seamless,precipitation,train,576,0.7827679697358882,0.2640625,0.5319592616842829,0.23223162916838833
global,Meerut,gem_seamless,precipitation,test,144,0.027638539919628335,0.003472222222222222,0.10279038013199324,0.09440069097818296
global,Gorakhpur,gem_seamless,precipitation,train,576,1.822572586574629,0.7569444444444444,0.8420933433140162,0.4424111560084519
global,Gorakhpur,gem_seamless,precipitation,test,144,0.47820555784678576,0.10486111111111113,0.23496894880858724,0.12384582638776886
global,Bareilly,gem_seamless,precipitation,train,576,3.016752991398386,1.0503472222222223,1.4851786230428534,0.695069231922257
global,Bareilly,gem_seamless,precipitation,test,144,0.1938283891602168,0.052083333333333336,0.19750580998675607,0.12771726622951773
global,Jhansi,gem_seamless,precipitation,train,576,3.0324718327903177,0.9640624999999999,1.142556905195448,0.5158281793832485
global,Jhansi,gem_seamless,precipitation,test,144,0.6895550094888089,0.16875,0.6188623927686029,0.176444447477387
global,Ayodhya,gem_seamless,precipitation,train,576,1.886810028416569,0.7362847222222222,1.039969112700692,0.417201752383448
global,Ayodhya,gem_seamless,precipitation,test,144,0.38224483137265713,0.10555555555555556,0.34370398774742805,0.14573453812862797
global,Mirzapur,gem_seamless,precipitation,train,576,1.9177759471151299,0.7078125000000001,0.7077930624818279,0.32127444076287515
global,Mirzapur,gem_seamless,precipitation,test,144,0.5387098786297996,0.1576388888888889,0.28591720656089736,0.13204382478238713
global,Saharanpur,gem_seamless,precipitation,train,576,1.2084339038606953,0.32534722222222223,0.5688999545132054,0.2273453892338294
global,Saharanpur,gem_seamless,precipitation,test,144,0.0,0.0,0.1143492931321501,0.10387901878026495
global,ALL-UP,gem_seamless,wind_speed_10m,train,6912,4.769856765649762,3.6731481481481487,1.982909600156859,1.5304724378403225
global,ALL-UP,gem_seamless,wind_speed_10m,test,1728,3.673080722056179,2.7929976851851848,3.066250444652922,2.437149911471534
global,Lucknow,gem_seamless,wind_speed_10m,train,576,5.2886802596573075,4.111111111111111,1.833657893211587,1.3957730937611974
global,Lucknow,gem_seamless,wind_speed_10m,test,144,3.4444500447983146,2.4673611111111113,2.510620568397102,1.8500952364020904
global,Varanasi,gem_seamless,wind_speed_10m,train,576,4.691211493609916,3.668055555555556,1.7790911715625815,1.3948315157069306
global,Varanasi,gem_seamless,wind_speed_10m,test,144,4.055611681498996,3.2368055555555557,3.1212484894239125,2.5965889408766025
global,Prayagraj,gem_seamless,wind_speed_10m,train,576,4.290829206316395,3.3559027777777777,1.9393377817512252,1.5176632705242634
global,Prayagraj,gem_seamless,wind_speed_10m,test,144,3.4014294380777947,2.748611111111111,3.1001358768470006,2.4552351720980226
global,Kanpur,gem_seamless,wind_speed_10m,train,576,5.13603993851294,3.964756944444444,1.9959398269473203,1.5377491256215923
global,Kanpur,gem_seamless,wind_speed_10m,test,144,3.9124179082619595,2.9437499999999996,2.860125271907925,2.1861999294617402
global,Agra,gem_seamless,wind_speed_10m,train,576,4.260819561226846,3.213194444444445,2.109491213795591,1.575266526402003
global,Agra,gem_seamless,wind_speed_10m,test,144,3.0548231445444505,2.3625,3.0861020162470174,2.582788121776397
global,Meerut,gem_seamless,wind_speed_10m,train,576,4.738608416214851,3.551388888888889,1.9530059351666007,1.5011556793900231
global,Meerut,gem_seamless,wind_speed_10m,test,144,3.007063443886004,2.427083333333333,2.7479396709216712,2.133256063625787
global,Gorakhpur,gem_seamless,wind_speed_10m,train,576,5.060462552968849,4.046701388888889,1.9294388534235332,1.4925717056657208
global,Gorakhpur,gem_seamless,wind_speed_10m,test,144,3.961393553901062,2.8583333333333334,3.1847935746791514,2.466525180380061
global,Bareilly,gem_seamless,wind_speed_10m,train,576,5.0200725564698985,3.8480902777777777,2.291564535643854,1.7762964763710147
global,Bareilly,gem_seamless,wind_speed_10m,test,144,4.036637764829097,2.994444444444445,3.3959752404047556,2.716812560301418
global,Jhansi,gem_seamless,wind_speed_10m,train,576,4.535209476970165,3.436111111111111,1.8494028309757296,1.4346396129575385
global,Jhansi,gem_seamless,wind_speed_10m,test,144,4.235088218942106,3.283333333333333,4.026979432512417,3.4647434642433534
global,Ayodhya,gem_seamless,wind_speed_10m,train,576,5.0741823369769525,3.919097222222222,1.9761742224906194,1.5381670947462944
global,Ayodhya,gem_seamless,wind_speed_10m,test,144,3.7851409044666577,2.771527777777778,2.490585924688592,1.9851318939040894
global,Mirzapur,gem_seamless,wind_speed_10m,train,576,4.358618139196565,3.4578124999999997,1.9152023743361526,1.4701257322456898
global,Mirzapur,gem_seamless,wind_speed_10m,test,144,3.7453396968024735,2.8090277777777777,3.1826226305188574,2.58144259045913
global,Saharanpur,gem_seamless,wind_speed_10m,train,576,4.638886809713439,3.505555555555555,2.163134092149971,1.7314294206916023
global,Saharanpur,gem_seamless,wind_speed_10m,test,144,3.1712795349651675,2.613194444444444,2.7724917009806362,2.2269797841297194
