scope,variable,lead_band,model,weight,bias_correction_used
global,temperature_2m,0-24h,gfs_seamless,0.31552038383639275,True
global,temperature_2m,0-24h,icon_seamless,0.356924013387842,True
global,temperature_2m,0-24h,gem_seamless,0.32755560277576523,True
global,temperature_2m,24-72h,gfs_seamless,0.31552038383639275,True
global,temperature_2m,24-72h,icon_seamless,0.356924013387842,True
global,temperature_2m,24-72h,gem_seamless,0.32755560277576523,True
global,temperature_2m,72-168h,gfs_seamless,0.31552038383639275,True
global,temperature_2m,72-168h,icon_seamless,0.356924013387842,True
global,temperature_2m,72-168h,gem_seamless,0.32755560277576523,True
global,precipitation,0-24h,gfs_seamless,0.3348650250850164,True
global,precipitation,0-24h,icon_seamless,0.33193178401155354,True
global,precipitation,0-24h,gem_seamless,0.33320319090343004,True
global,precipitation,24-72h,gfs_seamless,0.3348650250850164,True
global,precipitation,24-72h,icon_seamless,0.33193178401155354,True
global,precipitation,24-72h,gem_seamless,0.33320319090343004,True
global,precipitation,72-168h,gfs_seamless,0.3348650250850164,True
global,precipitation,72-168h,icon_seamless,0.33193178401155354,True
global,precipitation,72-168h,gem_seamless,0.33320319090343004,True
global,wind_speed_10m,0-24h,gfs_seamless,0.3051739538898386,True
global,wind_speed_10m,0-24h,icon_seamless,0.36114410952665155,False
global,wind_speed_10m,0-24h,gem_seamless,0.33368193658350986,True
global,wind_speed_10m,24-72h,gfs_seamless,0.3051739538898386,True
global,wind_speed_10m,24-72h,icon_seamless,0.36114410952665155,False
global,wind_speed_10m,24-72h,gem_seamless,0.33368193658350986,True
global,wind_speed_10m,72-168h,gfs_seamless,0.3051739538898386,True
global,wind_speed_10m,72-168h,icon_seamless,0.36114410952665155,False
global,wind_speed_10m,72-168h,gem_seamless,0.33368193658350986,True
city:Lucknow,temperature_2m,0-24h,gfs_seamless,0.3263733642942268,True
city:Lucknow,temperature_2m,0-24h,icon_seamless,0.34059322048130436,True
city:Lucknow,temperature_2m,0-24h,gem_seamless,0.33303341522446883,True
city:Lucknow,temperature_2m,24-72h,gfs_seamless,0.3263733642942268,True
city:Lucknow,temperature_2m,24-72h,icon_seamless,0.34059322048130436,True
city:Lucknow,temperature_2m,24-72h,gem_seamless,0.33303341522446883,True
city:Lucknow,temperature_2m,72-168h,gfs_seamless,0.3263733642942268,True
city:Lucknow,temperature_2m,72-168h,icon_seamless,0.34059322048130436,True
city:Lucknow,temperature_2m,72-168h,gem_seamless,0.33303341522446883,True
city:Lucknow,precipitation,0-24h,gfs_seamless,0.33353979702168585,True
city:Lucknow,precipitation,0-24h,icon_seamless,0.33297608199325823,True
city:Lucknow,precipitation,0-24h,gem_seamless,0.3334841209850559,True
city:Lucknow,precipitation,24-72h,gfs_seamless,0.33353979702168585,True
city:Lucknow,precipitation,24-72h,icon_seamless,0.33297608199325823,True
city:Lucknow,precipitation,24-72h,gem_seamless,0.3334841209850559,True
city:Lucknow,precipitation,72-168h,gfs_seamless,0.33353979702168585,True
city:Lucknow,precipitation,72-168h,icon_seamless,0.33297608199325823,True
city:Lucknow,precipitation,72-168h,gem_seamless,0.3334841209850559,True
city:Lucknow,wind_speed_10m,0-24h,gfs_seamless,0.3136578165105692,True
city:Lucknow,wind_speed_10m,0-24h,icon_seamless,0.3676431501604897,True
city:Lucknow,wind_speed_10m,0-24h,gem_seamless,0.3186990333289412,True
city:Lucknow,wind_speed_10m,24-72h,gfs_seamless,0.3136578165105692,True
city:Lucknow,wind_speed_10m,24-72h,icon_seamless,0.3676431501604897,True
city:Lucknow,wind_speed_10m,24-72h,gem_seamless,0.3186990333289412,True
city:Lucknow,wind_speed_10m,72-168h,gfs_seamless,0.3136578165105692,True
city:Lucknow,wind_speed_10m,72-168h,icon_seamless,0.3676431501604897,True
city:Lucknow,wind_speed_10m,72-168h,gem_seamless,0.3186990333289412,True
city:Varanasi,temperature_2m,0-24h,gfs_seamless,0.33620303419906034,True
city:Varanasi,temperature_2m,0-24h,icon_seamless,0.3461760104729849,True
city:Varanasi,temperature_2m,0-24h,gem_seamless,0.3176209553279547,True
city:Varanasi,temperature_2m,24-72h,gfs_seamless,0.33620303419906034,True
city:Varanasi,temperature_2m,24-72h,icon_seamless,0.3461760104729849,True
city:Varanasi,temperature_2m,24-72h,gem_seamless,0.3176209553279547,True
city:Varanasi,temperature_2m,72-168h,gfs_seamless,0.33620303419906034,True
city:Varanasi,temperature_2m,72-168h,icon_seamless,0.3461760104729849,True
city:Varanasi,temperature_2m,72-168h,gem_seamless,0.3176209553279547,True
city:Varanasi,precipitation,0-24h,gfs_seamless,0.31945922117175934,False
city:Varanasi,precipitation,0-24h,icon_seamless,0.3145738962492835,True
city:Varanasi,precipitation,0-24h,gem_seamless,0.36596688257895715,True
city:Varanasi,precipitation,24-72h,gfs_seamless,0.31945922117175934,False
city:Varanasi,precipitation,24-72h,icon_seamless,0.3145738962492835,True
city:Varanasi,precipitation,24-72h,gem_seamless,0.36596688257895715,True
city:Varanasi,precipitation,72-168h,gfs_seamless,0.31945922117175934,False
city:Varanasi,precipitation,72-168h,icon_seamless,0.3145738962492835,True
city:Varanasi,precipitation,72-168h,gem_seamless,0.36596688257895715,True
city:Varanasi,wind_speed_10m,0-24h,gfs_seamless,0.37778542094172446,True
city:Varanasi,wind_speed_10m,0-24h,icon_seamless,0.32429323990190434,False
city:Varanasi,wind_speed_10m,0-24h,gem_seamless,0.29792133915637115,True
city:Varanasi,wind_speed_10m,24-72h,gfs_seamless,0.37778542094172446,True
city:Varanasi,wind_speed_10m,24-72h,icon_seamless,0.32429323990190434,False
city:Varanasi,wind_speed_10m,24-72h,gem_seamless,0.29792133915637115,True
city:Varanasi,wind_speed_10m,72-168h,gfs_seamless,0.37778542094172446,True
city:Varanasi,wind_speed_10m,72-168h,icon_seamless,0.32429323990190434,False
city:Varanasi,wind_speed_10m,72-168h,gem_seamless,0.29792133915637115,True
city:Prayagraj,temperature_2m,0-24h,gfs_seamless,0.3294934121139108,True
city:Prayagraj,temperature_2m,0-24h,icon_seamless,0.36281112167037644,True
city:Prayagraj,temperature_2m,0-24h,gem_seamless,0.3076954662157128,True
city:Prayagraj,temperature_2m,24-72h,gfs_seamless,0.3294934121139108,True
city:Prayagraj,temperature_2m,24-72h,icon_seamless,0.36281112167037644,True
city:Prayagraj,temperature_2m,24-72h,gem_seamless,0.3076954662157128,True
city:Prayagraj,temperature_2m,72-168h,gfs_seamless,0.3294934121139108,True
city:Prayagraj,temperature_2m,72-168h,icon_seamless,0.36281112167037644,True
city:Prayagraj,temperature_2m,72-168h,gem_seamless,0.3076954662157128,True
city:Prayagraj,precipitation,0-24h,gfs_seamless,0.3337842181444068,True
city:Prayagraj,precipitation,0-24h,icon_seamless,0.32165952909809575,True
city:Prayagraj,precipitation,0-24h,gem_seamless,0.34455625275749746,True
city:Prayagraj,precipitation,24-72h,gfs_seamless,0.3337842181444068,True
city:Prayagraj,precipitation,24-72h,icon_seamless,0.32165952909809575,True
city:Prayagraj,precipitation,24-72h,gem_seamless,0.34455625275749746,True
city:Prayagraj,precipitation,72-168h,gfs_seamless,0.3337842181444068,True
city:Prayagraj,precipitation,72-168h,icon_seamless,0.32165952909809575,True
city:Prayagraj,precipitation,72-168h,gem_seamless,0.34455625275749746,True
city:Prayagraj,wind_speed_10m,0-24h,gfs_seamless,0.34858106074911804,True
city:Prayagraj,wind_speed_10m,0-24h,icon_seamless,0.3526136517044026,False
city:Prayagraj,wind_speed_10m,0-24h,gem_seamless,0.2988052875464793,True
city:Prayagraj,wind_speed_10m,24-72h,gfs_seamless,0.34858106074911804,True
city:Prayagraj,wind_speed_10m,24-72h,icon_seamless,0.3526136517044026,False
city:Prayagraj,wind_speed_10m,24-72h,gem_seamless,0.2988052875464793,True
city:Prayagraj,wind_speed_10m,72-168h,gfs_seamless,0.34858106074911804,True
city:Prayagraj,wind_speed_10m,72-168h,icon_seamless,0.3526136517044026,False
city:Prayagraj,wind_speed_10m,72-168h,gem_seamless,0.2988052875464793,True
city:Kanpur,temperature_2m,0-24h,gfs_seamless,0.2957442905643625,False
city:Kanpur,temperature_2m,0-24h,icon_seamless,0.3526422428104752,False
city:Kanpur,temperature_2m,0-24h,gem_seamless,0.3516134666251623,True
city:Kanpur,temperature_2m,24-72h,gfs_seamless,0.2957442905643625,False
city:Kanpur,temperature_2m,24-72h,icon_seamless,0.3526422428104752,False
city:Kanpur,temperature_2m,24-72h,gem_seamless,0.3516134666251623,True
city:Kanpur,temperature_2m,72-168h,gfs_seamless,0.2957442905643625,False
city:Kanpur,temperature_2m,72-168h,icon_seamless,0.3526422428104752,False
city:Kanpur,temperature_2m,72-168h,gem_seamless,0.3516134666251623,True
city:Kanpur,precipitation,0-24h,gfs_seamless,0.3330689895772552,True
city:Kanpur,precipitation,0-24h,icon_seamless,0.3309663840223076,True
city:Kanpur,precipitation,0-24h,gem_seamless,0.3359646264004373,True
city:Kanpur,precipitation,24-72h,gfs_seamless,0.3330689895772552,True
city:Kanpur,precipitation,24-72h,icon_seamless,0.3309663840223076,True
city:Kanpur,precipitation,24-72h,gem_seamless,0.3359646264004373,True
city:Kanpur,precipitation,72-168h,gfs_seamless,0.3330689895772552,True
city:Kanpur,precipitation,72-168h,icon_seamless,0.3309663840223076,True
city:Kanpur,precipitation,72-168h,gem_seamless,0.3359646264004373,True
city:Kanpur,wind_speed_10m,0-24h,gfs_seamless,0.35872120974670246,True
city:Kanpur,wind_speed_10m,0-24h,icon_seamless,0.3318649102893363,True
city:Kanpur,wind_speed_10m,0-24h,gem_seamless,0.3094138799639612,True
city:Kanpur,wind_speed_10m,24-72h,gfs_seamless,0.35872120974670246,True
city:Kanpur,wind_speed_10m,24-72h,icon_seamless,0.3318649102893363,True
city:Kanpur,wind_speed_10m,24-72h,gem_seamless,0.3094138799639612,True
city:Kanpur,wind_speed_10m,72-168h,gfs_seamless,0.35872120974670246,True
city:Kanpur,wind_speed_10m,72-168h,icon_seamless,0.3318649102893363,True
city:Kanpur,wind_speed_10m,72-168h,gem_seamless,0.3094138799639612,True
city:Agra,temperature_2m,0-24h,gfs_seamless,0.2504594293293276,False
city:Agra,temperature_2m,0-24h,icon_seamless,0.5074322913951241,False
city:Agra,temperature_2m,0-24h,gem_seamless,0.24210827927554823,False
city:Agra,temperature_2m,24-72h,gfs_seamless,0.2504594293293276,False
city:Agra,temperature_2m,24-72h,icon_seamless,0.5074322913951241,False
city:Agra,temperature_2m,24-72h,gem_seamless,0.24210827927554823,False
city:Agra,temperature_2m,72-168h,gfs_seamless,0.2504594293293276,False
city:Agra,temperature_2m,72-168h,icon_seamless,0.5074322913951241,False
city:Agra,temperature_2m,72-168h,gem_seamless,0.24210827927554823,False
city:Agra,precipitation,0-24h,gfs_seamless,0.3335436062937685,False
city:Agra,precipitation,0-24h,icon_seamless,0.3204893819954415,False
city:Agra,precipitation,0-24h,gem_seamless,0.3459670117107899,False
city:Agra,precipitation,24-72h,gfs_seamless,0.3335436062937685,False
city:Agra,precipitation,24-72h,icon_seamless,0.3204893819954415,False
city:Agra,precipitation,24-72h,gem_seamless,0.3459670117107899,False
city:Agra,precipitation,72-168h,gfs_seamless,0.3335436062937685,False
city:Agra,precipitation,72-168h,icon_seamless,0.3204893819954415,False
city:Agra,precipitation,72-168h,gem_seamless,0.3459670117107899,False
city:Agra,wind_speed_10m,0-24h,gfs_seamless,0.3183084416133178,False
city:Agra,wind_speed_10m,0-24h,icon_seamless,0.3675233227107922,False
city:Agra,wind_speed_10m,0-24h,gem_seamless,0.3141682356758901,False
city:Agra,wind_speed_10m,24-72h,gfs_seamless,0.3183084416133178,False
city:Agra,wind_speed_10m,24-72h,icon_seamless,0.3675233227107922,False
city:Agra,wind_speed_10m,24-72h,gem_seamless,0.3141682356758901,False
city:Agra,wind_speed_10m,72-168h,gfs_seamless,0.3183084416133178,False
city:Agra,wind_speed_10m,72-168h,icon_seamless,0.3675233227107922,False
city:Agra,wind_speed_10m,72-168h,gem_seamless,0.3141682356758901,False
city:Meerut,temperature_2m,0-24h,gfs_seamless,0.3515187020375173,False
city:Meerut,temperature_2m,0-24h,icon_seamless,0.31378979949385793,True
city:Meerut,temperature_2m,0-24h,gem_seamless,0.3346914984686248,True
city:Meerut,temperature_2m,24-72h,gfs_seamless,0.3515187020375173,False
city:Meerut,temperature_2m,24-72h,icon_seamless,0.31378979949385793,True
city:Meerut,temperature_2m,24-72h,gem_seamless,0.3346914984686248,True
city:Meerut,temperature_2m,72-168h,gfs_seamless,0.3515187020375173,False
city:Meerut,temperature_2m,72-168h,icon_seamless,0.31378979949385793,True
city:Meerut,temperature_2m,72-168h,gem_seamless,0.3346914984686248,True
city:Meerut,precipitation,0-24h,gfs_seamless,0.3333333333333333,False
city:Meerut,precipitation,0-24h,icon_seamless,0.3333333333333333,False
city:Meerut,precipitation,0-24h,gem_seamless,0.3333333333333333,False
city:Meerut,precipitation,24-72h,gfs_seamless,0.3333333333333333,False
city:Meerut,precipitation,24-72h,icon_seamless,0.3333333333333333,False
city:Meerut,precipitation,24-72h,gem_seamless,0.3333333333333333,False
city:Meerut,precipitation,72-168h,gfs_seamless,0.3333333333333333,False
city:Meerut,precipitation,72-168h,icon_seamless,0.3333333333333333,False
city:Meerut,precipitation,72-168h,gem_seamless,0.3333333333333333,False
city:Meerut,wind_speed_10m,0-24h,gfs_seamless,0.32392302905537457,True
city:Meerut,wind_speed_10m,0-24h,icon_seamless,0.3573044761652367,True
city:Meerut,wind_speed_10m,0-24h,gem_seamless,0.3187724947793888,True
city:Meerut,wind_speed_10m,24-72h,gfs_seamless,0.32392302905537457,True
city:Meerut,wind_speed_10m,24-72h,icon_seamless,0.3573044761652367,True
city:Meerut,wind_speed_10m,24-72h,gem_seamless,0.3187724947793888,True
city:Meerut,wind_speed_10m,72-168h,gfs_seamless,0.32392302905537457,True
city:Meerut,wind_speed_10m,72-168h,icon_seamless,0.3573044761652367,True
city:Meerut,wind_speed_10m,72-168h,gem_seamless,0.3187724947793888,True
city:Gorakhpur,temperature_2m,0-24h,gfs_seamless,0.3128101811563562,True
city:Gorakhpur,temperature_2m,0-24h,icon_seamless,0.34387149910540143,True
city:Gorakhpur,temperature_2m,0-24h,gem_seamless,0.34331831973824223,True
city:Gorakhpur,temperature_2m,24-72h,gfs_seamless,0.3128101811563562,True
city:Gorakhpur,temperature_2m,24-72h,icon_seamless,0.34387149910540143,True
city:Gorakhpur,temperature_2m,24-72h,gem_seamless,0.34331831973824223,True
city:Gorakhpur,temperature_2m,72-168h,gfs_seamless,0.3128101811563562,True
city:Gorakhpur,temperature_2m,72-168h,icon_seamless,0.34387149910540143,True
city:Gorakhpur,temperature_2m,72-168h,gem_seamless,0.34331831973824223,True
city:Gorakhpur,precipitation,0-24h,gfs_seamless,0.30931800698077694,True
city:Gorakhpur,precipitation,0-24h,icon_seamless,0.33267763660862115,True
city:Gorakhpur,precipitation,0-24h,gem_seamless,0.3580043564106019,True
city:Gorakhpur,precipitation,24-72h,gfs_seamless,0.30931800698077694,True
city:Gorakhpur,precipitation,24-72h,icon_seamless,0.33267763660862115,True
city:Gorakhpur,precipitation,24-72h,gem_seamless,0.3580043564106019,True
city:Gorakhpur,precipitation,72-168h,gfs_seamless,0.30931800698077694,True
city:Gorakhpur,precipitation,72-168h,icon_seamless,0.33267763660862115,True
city:Gorakhpur,precipitation,72-168h,gem_seamless,0.3580043564106019,True
city:Gorakhpur,wind_speed_10m,0-24h,gfs_seamless,0.34327980537431213,True
city:Gorakhpur,wind_speed_10m,0-24h,icon_seamless,0.36712708105151204,False
city:Gorakhpur,wind_speed_10m,0-24h,gem_seamless,0.2895931135741758,True
city:Gorakhpur,wind_speed_10m,24-72h,gfs_seamless,0.34327980537431213,True
city:Gorakhpur,wind_speed_10m,24-72h,icon_seamless,0.36712708105151204,False
city:Gorakhpur,wind_speed_10m,24-72h,gem_seamless,0.2895931135741758,True
city:Gorakhpur,wind_speed_10m,72-168h,gfs_seamless,0.34327980537431213,True
city:Gorakhpur,wind_speed_10m,72-168h,icon_seamless,0.36712708105151204,False
city:Gorakhpur,wind_speed_10m,72-168h,gem_seamless,0.2895931135741758,True
city:Bareilly,temperature_2m,0-24h,gfs_seamless,0.30892108290850057,True
city:Bareilly,temperature_2m,0-24h,icon_seamless,0.34527789109401624,True
city:Bareilly,temperature_2m,0-24h,gem_seamless,0.3458010259974831,True
city:Bareilly,temperature_2m,24-72h,gfs_seamless,0.30892108290850057,True
city:Bareilly,temperature_2m,24-72h,icon_seamless,0.34527789109401624,True
city:Bareilly,temperature_2m,24-72h,gem_seamless,0.3458010259974831,True
city:Bareilly,temperature_2m,72-168h,gfs_seamless,0.30892108290850057,True
city:Bareilly,temperature_2m,72-168h,icon_seamless,0.34527789109401624,True
city:Bareilly,temperature_2m,72-168h,gem_seamless,0.3458010259974831,True
city:Bareilly,precipitation,0-24h,gfs_seamless,0.32949620216389247,False
city:Bareilly,precipitation,0-24h,icon_seamless,0.34100759567221495,True
city:Bareilly,precipitation,0-24h,gem_seamless,0.32949620216389247,False
city:Bareilly,precipitation,24-72h,gfs_seamless,0.32949620216389247,False
city:Bareilly,precipitation,24-72h,icon_seamless,0.34100759567221495,True
city:Bareilly,precipitation,24-72h,gem_seamless,0.32949620216389247,False
city:Bareilly,precipitation,72-168h,gfs_seamless,0.32949620216389247,False
city:Bareilly,precipitation,72-168h,icon_seamless,0.34100759567221495,True
city:Bareilly,precipitation,72-168h,gem_seamless,0.32949620216389247,False
city:Bareilly,wind_speed_10m,0-24h,gfs_seamless,0.34248861002235914,False
city:Bareilly,wind_speed_10m,0-24h,icon_seamless,0.36139573518094775,False
city:Bareilly,wind_speed_10m,0-24h,gem_seamless,0.2961156547966931,True
city:Bareilly,wind_speed_10m,24-72h,gfs_seamless,0.34248861002235914,False
city:Bareilly,wind_speed_10m,24-72h,icon_seamless,0.36139573518094775,False
city:Bareilly,wind_speed_10m,24-72h,gem_seamless,0.2961156547966931,True
city:Bareilly,wind_speed_10m,72-168h,gfs_seamless,0.34248861002235914,False
city:Bareilly,wind_speed_10m,72-168h,icon_seamless,0.36139573518094775,False
city:Bareilly,wind_speed_10m,72-168h,gem_seamless,0.2961156547966931,True
city:Jhansi,temperature_2m,0-24h,gfs_seamless,0.3212068385750026,True
city:Jhansi,temperature_2m,0-24h,icon_seamless,0.3633754374985777,True
city:Jhansi,temperature_2m,0-24h,gem_seamless,0.3154177239264197,True
city:Jhansi,temperature_2m,24-72h,gfs_seamless,0.3212068385750026,True
city:Jhansi,temperature_2m,24-72h,icon_seamless,0.3633754374985777,True
city:Jhansi,temperature_2m,24-72h,gem_seamless,0.3154177239264197,True
city:Jhansi,temperature_2m,72-168h,gfs_seamless,0.3212068385750026,True
city:Jhansi,temperature_2m,72-168h,icon_seamless,0.3633754374985777,True
city:Jhansi,temperature_2m,72-168h,gem_seamless,0.3154177239264197,True
city:Jhansi,precipitation,0-24h,gfs_seamless,0.3319527257204152,True
city:Jhansi,precipitation,0-24h,icon_seamless,0.3401137837675197,True
city:Jhansi,precipitation,0-24h,gem_seamless,0.327933490512065,False
city:Jhansi,precipitation,24-72h,gfs_seamless,0.3319527257204152,True
city:Jhansi,precipitation,24-72h,icon_seamless,0.3401137837675197,True
city:Jhansi,precipitation,24-72h,gem_seamless,0.327933490512065,False
city:Jhansi,precipitation,72-168h,gfs_seamless,0.3319527257204152,True
city:Jhansi,precipitation,72-168h,icon_seamless,0.3401137837675197,True
city:Jhansi,precipitation,72-168h,gem_seamless,0.327933490512065,False
city:Jhansi,wind_speed_10m,0-24h,gfs_seamless,0.3537629933548793,False
city:Jhansi,wind_speed_10m,0-24h,icon_seamless,0.36708630644635615,False
city:Jhansi,wind_speed_10m,0-24h,gem_seamless,0.27915070019876453,False
city:Jhansi,wind_speed_10m,24-72h,gfs_seamless,0.3537629933548793,False
city:Jhansi,wind_speed_10m,24-72h,icon_seamless,0.36708630644635615,False
city:Jhansi,wind_speed_10m,24-72h,gem_seamless,0.27915070019876453,False
city:Jhansi,wind_speed_10m,72-168h,gfs_seamless,0.3537629933548793,False
city:Jhansi,wind_speed_10m,72-168h,icon_seamless,0.36708630644635615,False
city:Jhansi,wind_speed_10m,72-168h,gem_seamless,0.27915070019876453,False
city:Ayodhya,temperature_2m,0-24h,gfs_seamless,0.3153112782555881,True
city:Ayodhya,temperature_2m,0-24h,icon_seamless,0.3434086352350004,True
city:Ayodhya,temperature_2m,0-24h,gem_seamless,0.34128008650941155,True
city:Ayodhya,temperature_2m,24-72h,gfs_seamless,0.3153112782555881,True
city:Ayodhya,temperature_2m,24-72h,icon_seamless,0.3434086352350004,True
city:Ayodhya,temperature_2m,24-72h,gem_seamless,0.34128008650941155,True
city:Ayodhya,temperature_2m,72-168h,gfs_seamless,0.3153112782555881,True
city:Ayodhya,temperature_2m,72-168h,icon_seamless,0.3434086352350004,True
city:Ayodhya,temperature_2m,72-168h,gem_seamless,0.34128008650941155,True
city:Ayodhya,precipitation,0-24h,gfs_seamless,0.31783515797282696,True
city:Ayodhya,precipitation,0-24h,icon_seamless,0.33840967055411403,True
city:Ayodhya,precipitation,0-24h,gem_seamless,0.343755171473059,True
city:Ayodhya,precipitation,24-72h,gfs_seamless,0.31783515797282696,True
city:Ayodhya,precipitation,24-72h,icon_seamless,0.33840967055411403,True
city:Ayodhya,precipitation,24-72h,gem_seamless,0.343755171473059,True
city:Ayodhya,precipitation,72-168h,gfs_seamless,0.31783515797282696,True
city:Ayodhya,precipitation,72-168h,icon_seamless,0.33840967055411403,True
city:Ayodhya,precipitation,72-168h,gem_seamless,0.343755171473059,True
city:Ayodhya,wind_speed_10m,0-24h,gfs_seamless,0.3432101414287365,True
city:Ayodhya,wind_speed_10m,0-24h,icon_seamless,0.33564038058728074,True
city:Ayodhya,wind_speed_10m,0-24h,gem_seamless,0.3211494779839827,True
city:Ayodhya,wind_speed_10m,24-72h,gfs_seamless,0.3432101414287365,True
city:Ayodhya,wind_speed_10m,24-72h,icon_seamless,0.33564038058728074,True
city:Ayodhya,wind_speed_10m,24-72h,gem_seamless,0.3211494779839827,True
city:Ayodhya,wind_speed_10m,72-168h,gfs_seamless,0.3432101414287365,True
city:Ayodhya,wind_speed_10m,72-168h,icon_seamless,0.33564038058728074,True
city:Ayodhya,wind_speed_10m,72-168h,gem_seamless,0.3211494779839827,True
city:Mirzapur,temperature_2m,0-24h,gfs_seamless,0.32907156979626623,True
city:Mirzapur,temperature_2m,0-24h,icon_seamless,0.3712128447948071,True
city:Mirzapur,temperature_2m,0-24h,gem_seamless,0.2997155854089266,True
city:Mirzapur,temperature_2m,24-72h,gfs_seamless,0.32907156979626623,True
city:Mirzapur,temperature_2m,24-72h,icon_seamless,0.3712128447948071,True
city:Mirzapur,temperature_2m,24-72h,gem_seamless,0.2997155854089266,True
city:Mirzapur,temperature_2m,72-168h,gfs_seamless,0.32907156979626623,True
city:Mirzapur,temperature_2m,72-168h,icon_seamless,0.3712128447948071,True
city:Mirzapur,temperature_2m,72-168h,gem_seamless,0.2997155854089266,True
city:Mirzapur,precipitation,0-24h,gfs_seamless,0.35136507530162675,True
city:Mirzapur,precipitation,0-24h,icon_seamless,0.3177370194896083,True
city:Mirzapur,precipitation,0-24h,gem_seamless,0.330897905208765,True
city:Mirzapur,precipitation,24-72h,gfs_seamless,0.35136507530162675,True
city:Mirzapur,precipitation,24-72h,icon_seamless,0.3177370194896083,True
city:Mirzapur,precipitation,24-72h,gem_seamless,0.330897905208765,True
city:Mirzapur,precipitation,72-168h,gfs_seamless,0.35136507530162675,True
city:Mirzapur,precipitation,72-168h,icon_seamless,0.3177370194896083,True
city:Mirzapur,precipitation,72-168h,gem_seamless,0.330897905208765,True
city:Mirzapur,wind_speed_10m,0-24h,gfs_seamless,0.29605442906870094,True
city:Mirzapur,wind_speed_10m,0-24h,icon_seamless,0.37562412791116806,False
city:Mirzapur,wind_speed_10m,0-24h,gem_seamless,0.32832144302013105,True
city:Mirzapur,wind_speed_10m,24-72h,gfs_seamless,0.29605442906870094,True
city:Mirzapur,wind_speed_10m,24-72h,icon_seamless,0.37562412791116806,False
city:Mirzapur,wind_speed_10m,24-72h,gem_seamless,0.32832144302013105,True
city:Mirzapur,wind_speed_10m,72-168h,gfs_seamless,0.29605442906870094,True
city:Mirzapur,wind_speed_10m,72-168h,icon_seamless,0.37562412791116806,False
city:Mirzapur,wind_speed_10m,72-168h,gem_seamless,0.32832144302013105,True
city:Saharanpur,temperature_2m,0-24h,gfs_seamless,0.2732582366901316,True
city:Saharanpur,temperature_2m,0-24h,icon_seamless,0.44004744168231047,False
city:Saharanpur,temperature_2m,0-24h,gem_seamless,0.2866943216275579,True
city:Saharanpur,temperature_2m,24-72h,gfs_seamless,0.2732582366901316,True
city:Saharanpur,temperature_2m,24-72h,icon_seamless,0.44004744168231047,False
city:Saharanpur,temperature_2m,24-72h,gem_seamless,0.2866943216275579,True
city:Saharanpur,temperature_2m,72-168h,gfs_seamless,0.2732582366901316,True
city:Saharanpur,temperature_2m,72-168h,icon_seamless,0.44004744168231047,False
city:Saharanpur,temperature_2m,72-168h,gem_seamless,0.2866943216275579,True
city:Saharanpur,precipitation,0-24h,gfs_seamless,0.3333333333333333,False
city:Saharanpur,precipitation,0-24h,icon_seamless,0.3333333333333333,False
city:Saharanpur,precipitation,0-24h,gem_seamless,0.3333333333333333,False
city:Saharanpur,precipitation,24-72h,gfs_seamless,0.3333333333333333,False
city:Saharanpur,precipitation,24-72h,icon_seamless,0.3333333333333333,False
city:Saharanpur,precipitation,24-72h,gem_seamless,0.3333333333333333,False
city:Saharanpur,precipitation,72-168h,gfs_seamless,0.3333333333333333,False
city:Saharanpur,precipitation,72-168h,icon_seamless,0.3333333333333333,False
city:Saharanpur,precipitation,72-168h,gem_seamless,0.3333333333333333,False
city:Saharanpur,wind_speed_10m,0-24h,gfs_seamless,0.2926388481398566,False
city:Saharanpur,wind_speed_10m,0-24h,icon_seamless,0.34937235556834645,True
city:Saharanpur,wind_speed_10m,0-24h,gem_seamless,0.35798879629179686,True
city:Saharanpur,wind_speed_10m,24-72h,gfs_seamless,0.2926388481398566,False
city:Saharanpur,wind_speed_10m,24-72h,icon_seamless,0.34937235556834645,True
city:Saharanpur,wind_speed_10m,24-72h,gem_seamless,0.35798879629179686,True
city:Saharanpur,wind_speed_10m,72-168h,gfs_seamless,0.2926388481398566,False
city:Saharanpur,wind_speed_10m,72-168h,icon_seamless,0.34937235556834645,True
city:Saharanpur,wind_speed_10m,72-168h,gem_seamless,0.35798879629179686,True
