city,variable,method,rmse,mae,csi
Lucknow,temperature_2m,raw_gfs_seamless,2.7361773821641515,2.1236111111111113,
Lucknow,temperature_2m,corrected_gfs_seamless_city,1.6155166858261454,1.1816464825656972,
Lucknow,temperature_2m,corrected_gfs_seamless_global,1.6131329320581207,1.1812094826645116,
Lucknow,temperature_2m,raw_icon_seamless,1.665874811889804,1.1180555555555556,
Lucknow,temperature_2m,corrected_icon_seamless_city,1.5480684409438519,1.1172011041243932,
Lucknow,temperature_2m,corrected_icon_seamless_global,1.5432805268520242,1.1177074549130879,
Lucknow,temperature_2m,raw_gem_seamless,1.6587729735493575,1.2916666666666667,
Lucknow,temperature_2m,corrected_gem_seamless_city,1.5832093469394277,1.1968387322165444,
Lucknow,temperature_2m,corrected_gem_seamless_global,1.6324135254395613,1.2677957268456521,
Lucknow,temperature_2m,blended_city,1.5652607208706284,1.1458058480984006,
Lucknow,temperature_2m,blended_global,1.5598804065801628,1.1512622697001997,
Lucknow,precipitation,raw_gfs_seamless,0.7877975628294365,0.20902777777777776,0.0
Lucknow,precipitation,corrected_gfs_seamless_city,0.7604812036491886,0.38850693126400127,0.0
Lucknow,precipitation,corrected_gfs_seamless_global,0.7555402246477784,0.258040394471315,0.0
Lucknow,precipitation,raw_icon_seamless,0.7785313809417775,0.24722222222222218,0.047619047619047616
Lucknow,precipitation,corrected_icon_seamless_city,0.7617686675437948,0.4084872219355605,0.0
Lucknow,precipitation,corrected_icon_seamless_global,0.7600844508538408,0.25892536868442473,0.0
Lucknow,precipitation,raw_gem_seamless,0.7765665171481163,0.19583333333333333,0.09090909090909091
Lucknow,precipitation,corrected_gem_seamless_city,0.760608167953293,0.4089194622360081,0.0
Lucknow,precipitation,corrected_gem_seamless_global,0.7584621729427004,0.25194062550064406,0.0
Lucknow,precipitation,blended_city,0.759658323067502,0.4019355095973753,0.0
Lucknow,precipitation,blended_global,0.7574796784511307,0.25554033464082504,0.0
Lucknow,wind_speed_10m,raw_gfs_seamless,3.4229109606363477,2.717361111111111,
Lucknow,wind_speed_10m,corrected_gfs_seamless_city,2.813909041824783,2.217227387956653,
Lucknow,wind_speed_10m,corrected_gfs_seamless_global,2.8866750192771624,2.2335041134178604,
Lucknow,wind_speed_10m,raw_icon_seamless,2.9485872323312172,2.2,
Lucknow,wind_speed_10m,corrected_icon_seamless_city,2.4007099425973797,1.760536284594763,
Lucknow,wind_speed_10m,corrected_icon_seamless_global,2.3633796037008468,1.7030600670124942,
Lucknow,wind_speed_10m,raw_gem_seamless,3.4444500447983146,2.4673611111111113,
Lucknow,wind_speed_10m,corrected_gem_seamless_city,2.7693983150778503,2.1094751530283613,
Lucknow,wind_speed_10m,corrected_gem_seamless_global,2.510620568397102,1.8500952364020904,
Lucknow,wind_speed_10m,blended_city,2.4719101780307757,1.818496337324189,
Lucknow,wind_speed_10m,blended_global,2.3449525569244116,1.6725808576904693,
Varanasi,temperature_2m,raw_gfs_seamless,1.1350171315398234,0.8756944444444444,
Varanasi,temperature_2m,corrected_gfs_seamless_city,0.8207322050171482,0.6201053912791845,
Varanasi,temperature_2m,corrected_gfs_seamless_global,0.8763645262989845,0.6743551836143875,
Varanasi,temperature_2m,raw_icon_seamless,1.0375585659507505,0.7305555555555557,
Varanasi,temperature_2m,corrected_icon_seamless_city,0.7970877508659252,0.5927569201603978,
Varanasi,temperature_2m,corrected_icon_seamless_global,0.7631161348717894,0.5666769238451063,
Varanasi,temperature_2m,raw_gem_seamless,1.4312727436329762,1.1354166666666667,
Varanasi,temperature_2m,corrected_gem_seamless_city,0.8687482767210382,0.6281718940275911,
Varanasi,temperature_2m,corrected_gem_seamless_global,0.8737041693346171,0.5867805586755808,
Varanasi,temperature_2m,blended_city,0.7817921907483298,0.5597629565459168,
Varanasi,temperature_2m,blended_global,0.7987163878825589,0.5743455520076153,
Varanasi,precipitation,raw_gfs_seamless,0.2633913438213185,0.09375,0.1
Varanasi,precipitation,corrected_gfs_seamless_city,0.2797800599259066,0.2209110823642659,0.0
Varanasi,precipitation,corrected_gfs_seamless_global,0.2209821788947454,0.11981307338399061,0.0
Varanasi,precipitation,raw_icon_seamless,0.6505339687091247,0.30000000000000004,0.03571428571428571
Varanasi,precipitation,corrected_icon_seamless_city,0.26748180495517887,0.19245590689623934,0.0
Varanasi,precipitation,corrected_icon_seamless_global,0.24041306923897,0.13409633066952079,0.0
Varanasi,precipitation,raw_gem_seamless,0.2960386611388602,0.09027777777777778,0.0
Varanasi,precipitation,corrected_gem_seamless_city,0.22991914723974446,0.15104736393607554,0.0
Varanasi,precipitation,corrected_gem_seamless_global,0.22308877668532656,0.11881741624946833,0.0
Varanasi,precipitation,blended_city,0.23017546596007155,0.13358886415072105,0.0
Varanasi,precipitation,blended_global,0.22605429710180144,0.12366668781455879,0.0
Varanasi,wind_speed_10m,raw_gfs_seamless,3.4847485163526826,2.8069444444444445,
Varanasi,wind_speed_10m,corrected_gfs_seamless_city,2.3436909483492205,1.9297251469635859,
Varanasi,wind_speed_10m,corrected_gfs_seamless_global,2.7588463852259633,2.219000714099564,
Varanasi,wind_speed_10m,raw_icon_seamless,2.7302828506300303,2.0319444444444446,
Varanasi,wind_speed_10m,corrected_icon_seamless_city,2.8089481429925605,2.2579797187830666,
Varanasi,wind_speed_10m,corrected_icon_seamless_global,3.0433610908126485,2.4568958121366418,
Varanasi,wind_speed_10m,raw_gem_seamless,4.055611681498996,3.2368055555555557,
Varanasi,wind_speed_10m,corrected_gem_seamless_city,2.971966606979737,2.4659639450125095,
Varanasi,wind_speed_10m,corrected_gem_seamless_global,3.1212484894239125,2.5965889408766025,
Varanasi,wind_speed_10m,blended_city,2.294754777920726,1.8892379118576816,
Varanasi,wind_speed_10m,blended_global,2.4629021331366032,2.0087880967618883,
Prayagraj,temperature_2m,raw_gfs_seamless,1.6966470201874964,1.3333333333333335,
Prayagraj,temperature_2m,corrected_gfs_seamless_city,0.9451278514931115,0.6673783267238985,
Prayagraj,temperature_2m,corrected_gfs_seamless_global,0.9087308597184862,0.5607942926734173,
Prayagraj,temperature_2m,raw_icon_seamless,1.1588128503870774,0.7145833333333335,
Prayagraj,temperature_2m,corrected_icon_seamless_city,0.8583347699999182,0.5158124892573688,
Prayagraj,temperature_2m,corrected_icon_seamless_global,0.8318762309621704,0.5026647599527343,
Prayagraj,temperature_2m,raw_gem_seamless,1.6342046995404216,1.3437499999999998,
Prayagraj,temperature_2m,corrected_gem_seamless_city,1.0120831629479896,0.610102068288992,
Prayagraj,temperature_2m,corrected_gem_seamless_global,0.9182530267525493,0.5568272859222461,
Prayagraj,temperature_2m,blended_city,0.8584962090920419,0.5059212155384496,
Prayagraj,temperature_2m,blended_global,0.8520450740909941,0.49473060252836887,
Prayagraj,precipitation,raw_gfs_seamless,0.2697735676039774,0.09583333333333334,0.0
Prayagraj,precipitation,corrected_gfs_seamless_city,0.2454640005252607,0.13237700716261414,0.0
Prayagraj,precipitation,corrected_gfs_seamless_global,0.23588522848804297,0.12214251715329993,0.0
Prayagraj,precipitation,raw_icon_seamless,0.6553730913677254,0.2826388888888889,0.07142857142857142
Prayagraj,precipitation,corrected_icon_seamless_city,0.2547165623466911,0.14537544861548513,0.0
Prayagraj,precipitation,corrected_icon_seamless_global,0.23741833675619484,0.13062701047321384,0.0
Prayagraj,precipitation,raw_gem_seamless,0.5259251108496553,0.14930555555555555,0.0
Prayagraj,precipitation,corrected_gem_seamless_city,0.2377899365987912,0.12203648786995618,0.0
Prayagraj,precipitation,corrected_gem_seamless_global,0.2389432342881847,0.1272223116465187,0.0
Prayagraj,precipitation,blended_city,0.24008167513328937,0.13084110803016932,0.0
Prayagraj,precipitation,blended_global,0.23580051705471133,0.125742440922452,0.0
Prayagraj,wind_speed_10m,raw_gfs_seamless,4.113342112362322,3.469444444444444,
Prayagraj,wind_speed_10m,corrected_gfs_seamless_city,2.807963396005049,2.2538030915400835,
Prayagraj,wind_speed_10m,corrected_gfs_seamless_global,2.9600519347739818,2.455681343608529,
Prayagraj,wind_speed_10m,raw_icon_seamless,2.775850720449899,2.0284722222222222,
Prayagraj,wind_speed_10m,corrected_icon_seamless_city,2.990338258809978,2.3246029356254914,
Prayagraj,wind_speed_10m,corrected_icon_seamless_global,2.738534065697371,2.2521363840569872,
Prayagraj,wind_speed_10m,raw_gem_seamless,3.4014294380777947,2.748611111111111,
Prayagraj,wind_speed_10m,corrected_gem_seamless_city,3.2757213473736893,2.4940236763317585,
Prayagraj,wind_speed_10m,corrected_gem_seamless_global,3.1001358768470006,2.4552351720980226,
Prayagraj,wind_speed_10m,blended_city,2.6496108102651554,2.006738556977813,
Prayagraj,wind_speed_10m,blended_global,2.645079564388023,2.070478252085996,
Kanpur,temperature_2m,raw_gfs_seamless,1.5141462574298723,1.1583333333333334,
Kanpur,temperature_2m,corrected_gfs_seamless_city,1.6141581881755898,1.2165973150748666,
Kanpur,temperature_2m,corrected_gfs_seamless_global,1.4052281171706709,1.0073579783387763,
Kanpur,temperature_2m,raw_icon_seamless,1.2698425099200294,0.9013888888888886,
Kanpur,temperature_2m,corrected_icon_seamless_city,1.334813024514176,0.9832343657471121,
Kanpur,temperature_2m,corrected_icon_seamless_global,1.1580105670635075,0.8208796864398716,
Kanpur,temperature_2m,raw_gem_seamless,1.6835189666621257,1.397916666666667,
Kanpur,temperature_2m,corrected_gem_seamless_city,1.2735579072449457,0.9820717425932897,
Kanpur,temperature_2m,corrected_gem_seamless_global,1.3018123298536393,1.0337480209516334,
Kanpur,temperature_2m,blended_city,1.2555085890647422,0.9555810358753443,
Kanpur,temperature_2m,blended_global,1.2398082295876718,0.9134050827799347,
Kanpur,precipitation,raw_gfs_seamless,0.7006445445286631,0.19652777777777777,0.0
Kanpur,precipitation,corrected_gfs_seamless_city,0.6921870780479198,0.24219234670303263,0.058823529411764705
Kanpur,precipitation,corrected_gfs_seamless_global,0.6623361077164223,0.2236314801801661,0.0
Kanpur,precipitation,raw_icon_seamless,0.71268272510751,0.20972222222222223,0.058823529411764705
Kanpur,precipitation,corrected_icon_seamless_city,0.6965844926060956,0.24074491769927642,0.0
Kanpur,precipitation,corrected_icon_seamless_global,0.6753824324212305,0.22424546314267793,0.0
Kanpur,precipitation,raw_gem_seamless,0.6957709552878893,0.1715277777777778,0.0
Kanpur,precipitation,corrected_gem_seamless_city,0.6862212047558387,0.21284239332601976,0.0
Kanpur,precipitation,corrected_gem_seamless_global,0.6701262940225008,0.2204290344435028,0.0
Kanpur,precipitation,blended_city,0.681723279259482,0.22463632867473318,0.0
Kanpur,precipitation,blended_global,0.668457002946299,0.22275611673076748,0.0
Kanpur,wind_speed_10m,raw_gfs_seamless,3.512023000430885,2.8000000000000003,
Kanpur,wind_speed_10m,corrected_gfs_seamless_city,2.750767659723659,1.9798457839239698,
Kanpur,wind_speed_10m,corrected_gfs_seamless_global,3.023912243083182,2.3936061796279002,
Kanpur,wind_speed_10m,raw_icon_seamless,3.1369549105958012,2.179861111111111,
Kanpur,wind_speed_10m,corrected_icon_seamless_city,2.973374623330533,2.291943586994709,
Kanpur,wind_speed_10m,corrected_icon_seamless_global,2.724177110521056,2.105756662638196,
Kanpur,wind_speed_10m,raw_gem_seamless,3.9124179082619595,2.9437499999999996,
Kanpur,wind_speed_10m,corrected_gem_seamless_city,3.189122293877407,2.5338400018279716,
Kanpur,wind_speed_10m,corrected_gem_seamless_global,2.860125271907925,2.1861999294617402,
Kanpur,wind_speed_10m,blended_city,2.7929591834179748,2.1013930483745065,
Kanpur,wind_speed_10m,blended_global,2.51202483258202,1.7722425282694607,
Agra,temperature_2m,raw_gfs_seamless,1.9655187327748596,1.5395833333333335,
Agra,temperature_2m,corrected_gfs_seamless_city,2.2534116135733395,1.7670693942389475,
Agra,temperature_2m,corrected_gfs_seamless_global,2.0289021832015286,1.618575424925978,
Agra,temperature_2m,raw_icon_seamless,0.9701446054870145,0.7715277777777775,
Agra,temperature_2m,corrected_icon_seamless_city,1.986183582410745,1.632811012063587,
Agra,temperature_2m,corrected_icon_seamless_global,1.5919722687502273,1.3228882801406945,
Agra,temperature_2m,raw_gem_seamless,2.0333162567588934,1.7354166666666666,
Agra,temperature_2m,corrected_gem_seamless_city,2.2400843404510384,1.8714697942261205,
Agra,temperature_2m,corrected_gem_seamless_global,1.784295222057393,1.4824409970729941,
Agra,temperature_2m,blended_city,1.0315075289406315,0.8226234593026925,
Agra,temperature_2m,blended_global,1.7572163131576655,1.4459455227459352,
Agra,precipitation,raw_gfs_seamless,0.1660404903764273,0.049305555555555554,0.0
Agra,precipitation,corrected_gfs_seamless_city,0.2068891104989236,0.1730037039071023,0.0
Agra,precipitation,corrected_gfs_seamless_global,0.15931083836959417,0.11479281450847356,0.0
Agra,precipitation,raw_icon_seamless,0.1728036779443977,0.05555555555555555,0.0
Agra,precipitation,corrected_icon_seamless_city,0.19495270656566932,0.168155359180863,0.0
Agra,precipitation,corrected_icon_seamless_global,0.1559333510366106,0.10854734670510413,0.0
Agra,precipitation,raw_gem_seamless,0.16007810593582122,0.042361111111111106,0.0
Agra,precipitation,corrected_gem_seamless_city,0.21177237734282328,0.15465176483103912,0.13333333333333333
Agra,precipitation,corrected_gem_seamless_global,0.15800389255986513,0.11348731540870964,0.0
Agra,precipitation,blended_city,0.1618199234700163,0.04890606550059103,0.0
Agra,precipitation,blended_global,0.1571592044062659,0.11223843173085823,0.0
Agra,wind_speed_10m,raw_gfs_seamless,3.015089366650496,2.46875,
Agra,wind_speed_10m,corrected_gfs_seamless_city,3.4243043247118847,2.8539261596926773,
Agra,wind_speed_10m,corrected_gfs_seamless_global,3.7409817645002206,3.248513036842245,
Agra,wind_speed_10m,raw_icon_seamless,2.611340119980969,1.9812499999999997,
Agra,wind_speed_10m,corrected_icon_seamless_city,3.3125695021587607,2.810025979181335,
Agra,wind_speed_10m,corrected_icon_seamless_global,2.6125457675759916,2.1546276499961494,
Agra,wind_speed_10m,raw_gem_seamless,3.0548231445444505,2.3625,
Agra,wind_speed_10m,corrected_gem_seamless_city,3.701033793869658,3.1913050982678275,
Agra,wind_speed_10m,corrected_gem_seamless_global,3.0861020162470174,2.582788121776397,
Agra,wind_speed_10m,blended_city,2.026490349318109,1.563831618162394,
Agra,wind_speed_10m,blended_global,2.3624425482351796,1.9263393887052997,
Meerut,temperature_2m,raw_gfs_seamless,1.0456590160170656,0.8340277777777777,
Meerut,temperature_2m,corrected_gfs_seamless_city,1.0868981248438432,0.8894699331053822,
Meerut,temperature_2m,corrected_gfs_seamless_global,1.2607125266946353,1.0404722234937,
Meerut,temperature_2m,raw_icon_seamless,1.2116620816052632,0.9520833333333331,
Meerut,temperature_2m,corrected_icon_seamless_city,1.171385114101968,0.9765609931875302,
Meerut,temperature_2m,corrected_icon_seamless_global,1.294253067116513,1.0411890515558198,
Meerut,temperature_2m,raw_gem_seamless,1.9065311723418297,1.5958333333333334,
Meerut,temperature_2m,corrected_gem_seamless_city,1.098231361614952,0.8557661250424702,
Meerut,temperature_2m,corrected_gem_seamless_global,1.3541199487790136,1.0715048132639813,
Meerut,temperature_2m,blended_city,0.9742173278253246,0.7869534149241888,
Meerut,temperature_2m,blended_global,1.274015739412053,1.0253786407510912,
Meerut,precipitation,raw_gfs_seamless,0.027638539919628335,0.003472222222222222,
Meerut,precipitation,corrected_gfs_seamless_city,0.10244605839088324,0.10093057360631054,
Meerut,precipitation,corrected_gfs_seamless_global,0.1057725669737521,0.08662172663469328,
Meerut,precipitation,raw_icon_seamless,0.027638539919628335,0.003472222222222222,
Meerut,precipitation,corrected_icon_seamless_city,0.10927132766676384,0.08434974375925414,
Meerut,precipitation,corrected_icon_seamless_global,0.10318389552156171,0.09375022454695774,
Meerut,precipitation,raw_gem_seamless,0.027638539919628335,0.003472222222222222,
Meerut,precipitation,corrected_gem_seamless_city,0.09184318241904693,0.08455343734787787,
Meerut,precipitation,corrected_gem_seamless_global,0.10279038013199324,0.09440069097818296,
Meerut,precipitation,blended_city,0.027638539919628335,0.003472222222222222,
Meerut,precipitation,blended_global,0.10300250304881411,0.09156051335178542,
Meerut,wind_speed_10m,raw_gfs_seamless,2.8426928743319735,2.2159722222222222,
Meerut,wind_speed_10m,corrected_gfs_seamless_city,2.5435584887016813,1.9560817336245186,
Meerut,wind_speed_10m,corrected_gfs_seamless_global,3.41966402591856,2.6903381130490263,
Meerut,wind_speed_10m,raw_icon_seamless,2.565191675749267,1.9076388888888889,
Meerut,wind_speed_10m,corrected_icon_seamless_city,2.305924569102616,1.7978481279661918,
Meerut,wind_speed_10m,corrected_icon_seamless_global,3.043682378366886,2.482171860690815,
Meerut,wind_speed_10m,raw_gem_seamless,3.007063443886004,2.427083333333333,
Meerut,wind_speed_10m,corrected_gem_seamless_city,2.584655777186684,1.9286328679888394,
Meerut,wind_speed_10m,corrected_gem_seamless_global,2.7479396709216712,2.133256063625787,
Meerut,wind_speed_10m,blended_city,2.3231157729023786,1.7924260212481886,
Meerut,wind_speed_10m,blended_global,2.4642924848934125,1.9033533893924026,
Gorakhpur,temperature_2m,raw_gfs_seamless,1.2777747584505392,0.9465277777777779,
Gorakhpur,temperature_2m,corrected_gfs_seamless_city,1.2678806519170902,1.0687411295349594,
Gorakhpur,temperature_2m,corrected_gfs_seamless_global,1.2957266931315332,1.1040217590671135,
Gorakhpur,temperature_2m,raw_icon_seamless,1.1803071634112878,0.8895833333333335,
Gorakhpur,temperature_2m,corrected_icon_seamless_city,1.153355184836818,0.9841102847133878,
Gorakhpur,temperature_2m,corrected_icon_seamless_global,1.1349621587207401,0.9341907191479453,
Gorakhpur,temperature_2m,raw_gem_seamless,1.5738090735537142,1.3006944444444448,
Gorakhpur,temperature_2m,corrected_gem_seamless_city,1.155213554328269,0.9790990830206093,
Gorakhpur,temperature_2m,corrected_gem_seamless_global,1.1578077801131919,0.9970033394140473,
Gorakhpur,temperature_2m,blended_city,1.1380526403061142,0.9748567724585223,
Gorakhpur,temperature_2m,blended_global,1.1639940484689477,0.9930250360444732,
Gorakhpur,precipitation,raw_gfs_seamless,0.32829526005987014,0.10694444444444444,0.0
Gorakhpur,precipitation,corrected_gfs_seamless_city,0.3150630710826956,0.2482046827408081,0.0
Gorakhpur,precipitation,corrected_gfs_seamless_global,0.24713285047608224,0.13729478482160604,0.0
Gorakhpur,precipitation,raw_icon_seamless,0.39264063297965823,0.13055555555555554,0.15384615384615385
Gorakhpur,precipitation,corrected_icon_seamless_city,0.29294028361513497,0.2347484017496552,0.0
Gorakhpur,precipitation,corrected_icon_seamless_global,0.24674357073806122,0.13581080017904432,0.0
Gorakhpur,precipitation,raw_gem_seamless,0.47820555784678576,0.10486111111111113,0.0
Gorakhpur,precipitation,corrected_gem_seamless_city,0.2722164674129542,0.19132208404180728,0.0
Gorakhpur,precipitation,corrected_gem_seamless_global,0.23496894880858724,0.12384582638776886,0.0
Gorakhpur,precipitation,blended_city,0.28945287715171214,0.22327196285189743,0.0
Gorakhpur,precipitation,blended_global,0.24034531060536654,0.13090413470057505,0.0
Gorakhpur,wind_speed_10m,raw_gfs_seamless,3.5808130671988763,2.845833333333333,
Gorakhpur,wind_speed_10m,corrected_gfs_seamless_city,2.754862916940058,2.2638484361800226,
Gorakhpur,wind_speed_10m,corrected_gfs_seamless_global,3.0744304855804554,2.5011164334908367,
Gorakhpur,wind_speed_10m,raw_icon_seamless,2.575916773155185,1.96875,
Gorakhpur,wind_speed_10m,corrected_icon_seamless_city,2.980223802997406,2.561815605969577,
Gorakhpur,wind_speed_10m,corrected_icon_seamless_global,2.877650696118739,2.3882285549658007,
Gorakhpur,wind_speed_10m,raw_gem_seamless,3.961393553901062,2.8583333333333334,
Gorakhpur,wind_speed_10m,corrected_gem_seamless_city,3.265577673061159,2.57007422012106,
Gorakhpur,wind_speed_10m,corrected_gem_seamless_global,3.1847935746791514,2.466525180380061,
Gorakhpur,wind_speed_10m,blended_city,2.258524978219568,1.7801493900026355,
Gorakhpur,wind_speed_10m,blended_global,2.473870061048692,1.9049371090550231,
Bareilly,temperature_2m,raw_gfs_seamless,1.4763647170593646,1.2229166666666667,
Bareilly,temperature_2m,corrected_gfs_seamless_city,1.4012344152008143,1.0854240391904237,
Bareilly,temperature_2m,corrected_gfs_seamless_global,1.4808029845037927,1.140450629173509,
Bareilly,temperature_2m,raw_icon_seamless,1.2727922061357855,0.8999999999999999,
Bareilly,temperature_2m,corrected_icon_seamless_city,1.253688301851415,0.9862005698354371,
Bareilly,temperature_2m,corrected_icon_seamless_global,1.4335885308126952,1.1100412711202732,
Bareilly,temperature_2m,raw_gem_seamless,1.6586055053032418,1.3138888888888889,
Bareilly,temperature_2m,corrected_gem_seamless_city,1.2517916964064928,0.9504121371267211,
Bareilly,temperature_2m,corrected_gem_seamless_global,1.4740751940061185,1.1011791501262012,
Bareilly,temperature_2m,blended_city,1.2765349466265203,0.9888672985910153,
Bareilly,temperature_2m,blended_global,1.4405193586100875,1.0991093387067261,
Bareilly,precipitation,raw_gfs_seamless,0.1938283891602168,0.052083333333333336,0.0
Bareilly,precipitation,corrected_gfs_seamless_city,0.2255723044294429,0.1831854978601821,0.0
Bareilly,precipitation,corrected_gfs_seamless_global,0.18624375090393228,0.11420894787494779,0.0
Bareilly,precipitation,raw_icon_seamless,0.1920286436967152,0.05069444444444445,0.0
Bareilly,precipitation,corrected_icon_seamless_city,0.1872853241698046,0.08499847288568509,0.0
Bareilly,precipitation,corrected_icon_seamless_global,0.18539298257783787,0.1120283919185176,0.0
Bareilly,precipitation,raw_gem_seamless,0.1938283891602168,0.052083333333333336,0.0
Bareilly,precipitation,corrected_gem_seamless_city,0.19926091948432928,0.08842815071772508,0.0
Bareilly,precipitation,corrected_gem_seamless_global,0.19750580998675607,0.12771726622951773,0.0
Bareilly,precipitation,blended_city,0.18916348086605025,0.06330764593329623,0.0
Bareilly,precipitation,blended_global,0.18834530708840394,0.11761219390882574,0.0
Bareilly,wind_speed_10m,raw_gfs_seamless,3.167214864829982,2.5652777777777778,
Bareilly,wind_speed_10m,corrected_gfs_seamless_city,3.4772406461372674,2.904262492800358,
Bareilly,wind_speed_10m,corrected_gfs_seamless_global,3.8142532393168205,3.1982024563906046,
Bareilly,wind_speed_10m,raw_icon_seamless,3.001515820751612,2.1909722222222223,
Bareilly,wind_speed_10m,corrected_icon_seamless_city,3.8292547007373523,3.2207219245523975,
Bareilly,wind_speed_10m,corrected_icon_seamless_global,3.5440564453385077,3.0146972109008714,
Bareilly,wind_speed_10m,raw_gem_seamless,4.036637764829097,2.994444444444445,
Bareilly,wind_speed_10m,corrected_gem_seamless_city,3.663214014951459,3.0511341606714018,
Bareilly,wind_speed_10m,corrected_gem_seamless_global,3.3959752404047556,2.716812560301418,
Bareilly,wind_speed_10m,blended_city,2.7188427382954745,2.146386445125597,
Bareilly,wind_speed_10m,blended_global,2.9248238289631896,2.32996897862108,
Jhansi,temperature_2m,raw_gfs_seamless,1.3973437102032003,1.0368055555555555,
Jhansi,temperature_2m,corrected_gfs_seamless_city,1.0969257575828315,0.8009235714514996,
Jhansi,temperature_2m,corrected_gfs_seamless_global,1.0750950472581047,0.746172539101208,
Jhansi,temperature_2m,raw_icon_seamless,1.1938208966730868,0.8840277777777779,
Jhansi,temperature_2m,corrected_icon_seamless_city,0.9696309061782694,0.6448258016348034,
Jhansi,temperature_2m,corrected_icon_seamless_global,0.9807211032606582,0.5999487632592091,
Jhansi,temperature_2m,raw_gem_seamless,1.6082037944378957,1.4020833333333336,
Jhansi,temperature_2m,corrected_gem_seamless_city,1.1170585164290403,0.851714774340514,
Jhansi,temperature_2m,corrected_gem_seamless_global,1.1339592352094203,0.7968756638154985,
Jhansi,temperature_2m,blended_city,0.9535548071337823,0.6535921990301018,
Jhansi,temperature_2m,blended_global,0.9755258383649372,0.6247837678900647,
Jhansi,precipitation,raw_gfs_seamless,0.7844407066325805,0.2340277777777778,0.0
Jhansi,precipitation,corrected_gfs_seamless_city,0.6812059779626575,0.2381041644837388,0.0
Jhansi,precipitation,corrected_gfs_seamless_global,0.6166249038425915,0.17852301355763642,0.0
Jhansi,precipitation,raw_icon_seamless,0.9151882016527774,0.3368055555555556,0.12
Jhansi,precipitation,corrected_icon_seamless_city,0.6648603848302488,0.23779097255256954,0.10526315789473684
Jhansi,precipitation,corrected_icon_seamless_global,0.6139511956495659,0.17438015284562436,0.0
Jhansi,precipitation,raw_gem_seamless,0.6895550094888089,0.16875,0.0
Jhansi,precipitation,corrected_gem_seamless_city,0.6956811169208282,0.2603585382687635,0.03571428571428571
Jhansi,precipitation,corrected_gem_seamless_global,0.6188623927686029,0.176444447477387,0.0
Jhansi,precipitation,blended_city,0.6383157485200806,0.19714589765872528,0.0
Jhansi,precipitation,blended_global,0.6146804193391303,0.1740733679932783,0.0
Jhansi,wind_speed_10m,raw_gfs_seamless,3.3418640839441025,2.623611111111111,
Jhansi,wind_speed_10m,corrected_gfs_seamless_city,4.898371158017312,4.192715643801578,
Jhansi,wind_speed_10m,corrected_gfs_seamless_global,4.491246948112226,3.7800119766121205,
Jhansi,wind_speed_10m,raw_icon_seamless,3.2205718953833857,2.4402777777777778,
Jhansi,wind_speed_10m,corrected_icon_seamless_city,3.9415755349362125,3.3396988346035053,
Jhansi,wind_speed_10m,corrected_icon_seamless_global,4.240745590162272,3.582164044984042,
Jhansi,wind_speed_10m,raw_gem_seamless,4.235088218942106,3.283333333333333,
Jhansi,wind_speed_10m,corrected_gem_seamless_city,5.256040803478761,4.577481519720542,
Jhansi,wind_speed_10m,corrected_gem_seamless_global,4.026979432512417,3.4647434642433534,
Jhansi,wind_speed_10m,blended_city,2.5905996288594157,1.8438865809878058,
Jhansi,wind_speed_10m,blended_global,2.9031912190605857,2.2406252071901074,
Ayodhya,temperature_2m,raw_gfs_seamless,1.2606490832547776,0.9881944444444445,
Ayodhya,temperature_2m,corrected_gfs_seamless_city,1.025250215957186,0.8282030754496108,
Ayodhya,temperature_2m,corrected_gfs_seamless_global,1.0820144484415206,0.8904926312948089,
Ayodhya,temperature_2m,raw_icon_seamless,1.1903839249960027,0.9284722222222224,
Ayodhya,temperature_2m,corrected_icon_seamless_city,0.9413652510632318,0.7051579039535916,
Ayodhya,temperature_2m,corrected_icon_seamless_global,1.032347759727337,0.8274522921434984,
Ayodhya,temperature_2m,raw_gem_seamless,1.6267298484997441,1.35,
Ayodhya,temperature_2m,corrected_gem_seamless_city,0.9472365042791999,0.7550188336562962,
Ayodhya,temperature_2m,corrected_gem_seamless_global,1.0398670898773197,0.8879758851492661,
Ayodhya,temperature_2m,blended_city,0.9316185147933833,0.7253090727308353,
Ayodhya,temperature_2m,blended_global,1.025546535479912,0.8412382415432393,
Ayodhya,precipitation,raw_gfs_seamless,0.42784992176644787,0.13611111111111113,0.07142857142857142
Ayodhya,precipitation,corrected_gfs_seamless_city,0.387084690871707,0.1742890928097688,0.0
Ayodhya,precipitation,corrected_gfs_seamless_global,0.34207785159932186,0.1441579304246091,0.0
Ayodhya,precipitation,raw_icon_seamless,0.38702928399110403,0.13124999999999998,0.0
Ayodhya,precipitation,corrected_icon_seamless_city,0.3635508514594848,0.16460454893954776,0.0
Ayodhya,precipitation,corrected_icon_seamless_global,0.3428303832215953,0.14847386354289752,0.0
Ayodhya,precipitation,raw_gem_seamless,0.38224483137265713,0.10555555555555556,0.0
Ayodhya,precipitation,corrected_gem_seamless_city,0.3578975214972555,0.14618421179825009,0.0
Ayodhya,precipitation,corrected_gem_seamless_global,0.34370398774742805,0.14573453812862797,0.0
Ayodhya,precipitation,blended_city,0.36020220702289285,0.15435364534185472,0.0
Ayodhya,precipitation,blended_global,0.34155217741924965,0.1433267339178307,0.0
Ayodhya,wind_speed_10m,raw_gfs_seamless,3.2362100604805546,2.6875,
Ayodhya,wind_speed_10m,corrected_gfs_seamless_city,2.55334315528059,2.0127835578921207,
Ayodhya,wind_speed_10m,corrected_gfs_seamless_global,2.782275567053308,2.304060393911856,
Ayodhya,wind_speed_10m,raw_icon_seamless,2.8985389039614042,2.288888888888889,
Ayodhya,wind_speed_10m,corrected_icon_seamless_city,2.6109291852982626,1.9859915041986866,
Ayodhya,wind_speed_10m,corrected_icon_seamless_global,2.5645222814314486,2.050523149570386,
Ayodhya,wind_speed_10m,raw_gem_seamless,3.7851409044666577,2.771527777777778,
Ayodhya,wind_speed_10m,corrected_gem_seamless_city,2.7287394983206377,2.2053548748482097,
Ayodhya,wind_speed_10m,corrected_gem_seamless_global,2.490585924688592,1.9851318939040894,
Ayodhya,wind_speed_10m,blended_city,2.4132928029192975,1.9232827266991341,
Ayodhya,wind_speed_10m,blended_global,2.306216150418465,1.8348111171640187,
Mirzapur,temperature_2m,raw_gfs_seamless,1.2613099451672367,0.96875,
Mirzapur,temperature_2m,corrected_gfs_seamless_city,0.8903277467032269,0.6616541552763151,
Mirzapur,temperature_2m,corrected_gfs_seamless_global,0.8842886709290466,0.5769325670361158,
Mirzapur,temperature_2m,raw_icon_seamless,1.0868532559642077,0.7374999999999999,
Mirzapur,temperature_2m,corrected_icon_seamless_city,0.7892548799133093,0.5600478632691234,
Mirzapur,temperature_2m,corrected_icon_seamless_global,0.7758542966919022,0.5043877195582339,
Mirzapur,temperature_2m,raw_gem_seamless,1.470189897031446,1.1118055555555557,
Mirzapur,temperature_2m,corrected_gem_seamless_city,0.9775319119326565,0.6631461095225616,
Mirzapur,temperature_2m,corrected_gem_seamless_global,0.9804188635026941,0.6283229018120101,
Mirzapur,temperature_2m,blended_city,0.8346839310515308,0.5775489431391053,
Mirzapur,temperature_2m,blended_global,0.8505279507234322,0.5222952733925438,
Mirzapur,precipitation,raw_gfs_seamless,0.507581411094702,0.17222222222222222,0.0
Mirzapur,precipitation,corrected_gfs_seamless_city,0.30676992311505497,0.14459873904074516,0.0
Mirzapur,precipitation,corrected_gfs_seamless_global,0.2898679251128264,0.13014981555338329,0.0
Mirzapur,precipitation,raw_icon_seamless,0.7011894655987543,0.3402777777777778,0.027777777777777776
Mirzapur,precipitation,corrected_icon_seamless_city,0.3392372639132179,0.17202604255577075,0.0
Mirzapur,precipitation,corrected_icon_seamless_global,0.29461012686145466,0.1391358524469602,0.0
Mirzapur,precipitation,raw_gem_seamless,0.5387098786297996,0.1576388888888889,0.0
Mirzapur,precipitation,corrected_gem_seamless_city,0.32574469478007556,0.1681715733349797,0.05
Mirzapur,precipitation,corrected_gem_seamless_global,0.28591720656089736,0.13204382478238713,0.0
Mirzapur,precipitation,blended_city,0.30711015676201436,0.1483839865561253,0.0
Mirzapur,precipitation,blended_global,0.28662699519349694,0.13154516809752848,0.0
Mirzapur,wind_speed_10m,raw_gfs_seamless,3.4259629627627652,2.6791666666666667,
Mirzapur,wind_speed_10m,corrected_gfs_seamless_city,3.334790538517757,2.782833269999545,
Mirzapur,wind_speed_10m,corrected_gfs_seamless_global,3.404676215323171,2.794183464037567,
Mirzapur,wind_speed_10m,raw_icon_seamless,2.6283708515605886,2.0805555555555557,
Mirzapur,wind_speed_10m,corrected_icon_seamless_city,3.286077347544249,2.7923327968673632,
Mirzapur,wind_speed_10m,corrected_icon_seamless_global,3.078990071852862,2.590605624227622,
Mirzapur,wind_speed_10m,raw_gem_seamless,3.7453396968024735,2.8090277777777777,
Mirzapur,wind_speed_10m,corrected_gem_seamless_city,3.0070515646583744,2.452417358266634,
Mirzapur,wind_speed_10m,corrected_gem_seamless_global,3.1826226305188574,2.58144259045913,
Mirzapur,wind_speed_10m,blended_city,2.3403293879964044,1.9667212855389866,
Mirzapur,wind_speed_10m,blended_global,2.45395384595266,2.0377656665829735,
Saharanpur,temperature_2m,raw_gfs_seamless,1.862178383864804,1.6187500000000001,
Saharanpur,temperature_2m,corrected_gfs_seamless_city,1.5802310492491354,1.3278147583808098,
Saharanpur,temperature_2m,corrected_gfs_seamless_global,1.5357115023547114,1.2726310287836826,
Saharanpur,temperature_2m,raw_icon_seamless,0.9812831735369084,0.8041666666666667,
Saharanpur,temperature_2m,corrected_icon_seamless_city,1.1774240088251604,0.9906708206166905,
Saharanpur,temperature_2m,corrected_icon_seamless_global,1.1829242138279874,0.9341965468450546,
Saharanpur,temperature_2m,raw_gem_seamless,1.8681727555139127,1.597916666666667,
Saharanpur,temperature_2m,corrected_gem_seamless_city,1.5061726637257133,1.3136075407787426,
Saharanpur,temperature_2m,corrected_gem_seamless_global,1.3636673904672576,1.1290717268790464,
Saharanpur,temperature_2m,blended_city,0.9324938407965652,0.7569040022217711,
Saharanpur,temperature_2m,blended_global,1.3113300212675958,1.08708344568691,
Saharanpur,precipitation,raw_gfs_seamless,0.0,0.0,
Saharanpur,precipitation,corrected_gfs_seamless_city,0.0814725873648189,0.06678615878124829,
Saharanpur,precipitation,corrected_gfs_seamless_global,0.10444251453223774,0.08492415875431597,
Saharanpur,precipitation,raw_icon_seamless,0.0,0.0,
Saharanpur,precipitation,corrected_icon_seamless_city,0.08804575370439698,0.07845502367881685,
Saharanpur,precipitation,corrected_icon_seamless_global,0.10785055417001572,0.09795809082389526,
Saharanpur,precipitation,raw_gem_seamless,0.0,0.0,
Saharanpur,precipitation,corrected_gem_seamless_city,0.08214911816348136,0.07191174122610274,
Saharanpur,precipitation,corrected_gem_seamless_global,0.1143492931321501,0.10387901878026495,
Saharanpur,precipitation,blended_city,0.0,0.0,
Saharanpur,precipitation,blended_global,0.10752861464108157,0.09556635492263091,
Saharanpur,wind_speed_10m,raw_gfs_seamless,3.3286425327918754,2.5749999999999997,
Saharanpur,wind_speed_10m,corrected_gfs_seamless_city,3.5076454829252146,2.9329297752378145,
Saharanpur,wind_speed_10m,corrected_gfs_seamless_global,3.4412314009859184,2.8562479445756646,
Saharanpur,wind_speed_10m,raw_icon_seamless,2.810051403246725,2.240277777777778,
Saharanpur,wind_speed_10m,corrected_icon_seamless_city,2.7881144605185897,2.2618474329165577,
Saharanpur,wind_speed_10m,corrected_icon_seamless_global,2.7453598267652577,2.2053834412623585,
Saharanpur,wind_speed_10m,raw_gem_seamless,3.1712795349651675,2.613194444444444,
Saharanpur,wind_speed_10m,corrected_gem_seamless_city,2.72100726825978,2.1812448933255553,
Saharanpur,wind_speed_10m,corrected_gem_seamless_global,2.7724917009806362,2.2269797841297194,
Saharanpur,wind_speed_10m,blended_city,2.5924152471766524,2.111557326998626,
Saharanpur,wind_speed_10m,blended_global,2.4458742669761007,1.9234075539042539,
UP-AGGREGATED,precipitation,blended_city,0.32377847309439495,0.1441536030431426,0.0
UP-AGGREGATED,precipitation,blended_global,0.3272526689413126,0.14371103989432635,0.0
UP-AGGREGATED,precipitation,corrected_gem_seamless_city,0.34592532121403846,0.17170226741121708,0.021904761904761906
UP-AGGREGATED,precipitation,corrected_gem_seamless_global,0.3288935324695827,0.144663526334415,0.0
UP-AGGREGATED,precipitation,corrected_gfs_seamless_city,0.3570346721553716,0.1927574983936515,0.0058823529411764705
UP-AGGREGATED,precipitation,corrected_gfs_seamless_global,0.3271847451297773,0.14285838810986976,0.0
UP-AGGREGATED,precipitation,corrected_icon_seamless_city,0.3517246186147068,0.18434933837072698,0.010526315789473684
UP-AGGREGATED,precipitation,corrected_icon_seamless_global,0.33031619575391163,0.14649824133156986,0.0
UP-AGGREGATED,precipitation,raw_gem_seamless,0.3970467963981866,0.10347222222222223,0.00909090909090909
UP-AGGREGATED,precipitation,raw_gfs_seamless,0.3714401448161057,0.11244212962962963,0.017142857142857144
UP-AGGREGATED,precipitation,raw_icon_seamless,0.4654699676590977,0.17401620370370371,0.05152093657976011
UP-AGGREGATED,temperature_2m,blended_city,1.044476770604133,0.7878105182046954,
UP-AGGREGATED,temperature_2m,blended_global,1.1874271586355014,0.8977168978147585,
UP-AGGREGATED,temperature_2m,corrected_gem_seamless_city,1.2525766035850636,0.9714515695700378,
UP-AGGREGATED,temperature_2m,corrected_gem_seamless_global,1.2511994812827314,0.9616271724940132,
UP-AGGREGATED,temperature_2m,corrected_gfs_seamless_city,1.2998078754616218,1.009585631022633,
UP-AGGREGATED,temperature_2m,corrected_gfs_seamless_global,1.287225874313428,0.9844554783472673,
UP-AGGREGATED,temperature_2m,corrected_icon_seamless_city,1.1650492679587323,0.8907825107136186,
UP-AGGREGATED,temperature_2m,corrected_icon_seamless_global,1.143575571554796,0.8568519557434607,
UP-AGGREGATED,temperature_2m,raw_gem_seamless,1.6794439739021298,1.3813657407407407,
UP-AGGREGATED,temperature_2m,raw_gfs_seamless,1.552398844842766,1.2205439814814816,
UP-AGGREGATED,temperature_2m,raw_icon_seamless,1.1849446704964348,0.8609953703703703,
UP-AGGREGATED,wind_speed_10m,blended_city,2.4560704879434945,1.9120089374414633,
UP-AGGREGATED,wind_speed_10m,blended_global,2.524968624381612,1.9687748454519145,
UP-AGGREGATED,wind_speed_10m,corrected_gem_seamless_city,3.261127413091266,2.646745647450889,
UP-AGGREGATED,wind_speed_10m,corrected_gem_seamless_global,3.0399683664607533,2.437149911471534,
UP-AGGREGATED,wind_speed_10m,corrected_gfs_seamless_city,3.100870646427873,2.523331873301077,
UP-AGGREGATED,wind_speed_10m,corrected_gfs_seamless_global,3.316520435762581,2.7228721808053145,
UP-AGGREGATED,wind_speed_10m,corrected_icon_seamless_city,3.0190033392519915,2.4504453943544706,
UP-AGGREGATED,wind_speed_10m,corrected_icon_seamless_global,2.964750410695324,2.415520871870197,
UP-AGGREGATED,wind_speed_10m,raw_gem_seamless,3.6508896112478397,2.792997685185185,
UP-AGGREGATED,wind_speed_10m,raw_gfs_seamless,3.3726262002310716,2.704571759259259,
UP-AGGREGATED,wind_speed_10m,raw_icon_seamless,2.82526442981634,2.128240740740741,
